pdbCode,piqsi_mmsize,pisa_mmsize,eppic_mmsize,agreement
137l,1,1,1,Both
19hc,2,2,1,PISA
1a1x,1,2,1,EPPIC
1a2p,3,2,1,None
1a2z,4,4,4,Both
1a3x,4,4,4,Both
1a4e,4,4,4,Both
1a4p,4,8,2,None
1a4s,4,4,4,Both
1a52,2,4,4,None
1a59,2,2,2,Both
1a5z,4,4,2,PISA
1a6m,1,1,1,Both
1a78,2,2,1,PISA
1a7b,4,2,2,None
1a7s,1,1,1,Both
1a88,3,3,1,PISA
1a8r,10,10,10,Both
1a8s,3,12,1,None
1a95,4,4,2,PISA
1ac6,2,1,1,None
1ad3,2,2,2,Both
1adj,2,2,2,Both
1ae1,4,4,4,Both
1afw,2,2,2,Both
1agi,1,1,1,Both
1ah4,1,1,1,Both
1ahn,1,6,1,EPPIC
1aj2,2,2,2,Both
1aj8,2,2,2,Both
1ajs,2,2,2,Both
1amy,1,1,1,Both
1ang,2,1,1,None
1ao5,1,1,1,Both
1aog,2,2,2,Both
1auv,4,4,4,Both
1avb,2,1,1,None
1az5,2,2,2,Both
1azt,1,2,1,EPPIC
1b02,2,2,2,Both
1b0c,10,10,1,PISA
1b0x,2,2,1,PISA
1b1b,2,2,2,Both
1b25,4,4,2,PISA
1b2k,1,1,1,Both
1b48,2,2,2,Both
1b4p,2,2,2,Both
1b5e,2,2,2,Both
1b5p,2,2,2,Both
1b63,2,2,2,Both
1b6e,2,1,2,EPPIC
1b6g,1,1,1,Both
1b78,2,2,2,Both
1b7g,4,4,4,Both
1b88,1,1,1,Both
1b8o,3,3,3,Both
1b8p,2,2,2,Both
1b8x,2,2,2,Both
1b8z,2,2,2,Both
1b9b,4,4,2,PISA
1b9c,2,2,2,Both
1b9h,2,2,2,Both
1bbw,2,2,2,Both
1bcm,4,2,1,None
1bco,4,1,1,None
1bd3,4,4,4,Both
1bdb,4,4,4,Both
1bdq,2,2,2,Both
1bg2,1,1,1,Both
1bg7,24,24,2,PISA
1bg9,1,1,1,Both
1bi9,4,8,4,EPPIC
1bj4,4,4,4,Both
1bjf,2,2,1,PISA
1bjm,2,2,2,Both
1bk4,4,4,4,Both
1bk5,2,1,1,None
1bkf,1,4,1,EPPIC
1bkl,1,1,1,Both
1bkp,2,2,2,Both
1bkz,1,1,2,PISA
1bl3,2,6,2,EPPIC
1bqg,4,2,2,None
1bqu,1,1,1,Both
1brt,3,3,1,PISA
1bs0,2,2,2,Both
1bs1,2,2,2,Both
1bsl,2,2,2,Both
1bsm,4,4,4,Both
1bsr,2,4,2,EPPIC
1bu6,4,4,2,PISA
1bvs,8,4,4,None
1bws,2,2,2,Both
1bxo,1,1,1,Both
1by8,1,2,1,EPPIC
1bye,2,8,2,EPPIC
1byf,2,2,2,Both
1byi,2,2,2,Both
1byu,2,2,1,PISA
1c1l,2,2,2,Both
1c3c,4,4,4,Both
1c3d,1,1,1,Both
1c3h,3,3,3,Both
1c4k,2,2,2,Both
1c4t,3,3,1,PISA
1c52,1,1,1,Both
1c6o,2,2,1,PISA
1c6r,1,2,1,EPPIC
1c76,2,1,1,None
1c8s,3,3,1,PISA
1ca1,1,2,1,EPPIC
1cb0,3,3,3,Both
1cbg,2,2,1,PISA
1cbk,1,2,1,EPPIC
1cbm,4,4,2,PISA
1cc4,2,2,2,Both
1cdo,2,2,2,Both
1cei,1,1,1,Both
1cf2,4,4,4,Both
1cg2,2,4,2,EPPIC
1cgt,1,1,1,Both
1ch4,4,4,2,PISA
1civ,2,2,2,Both
1cjx,4,4,2,PISA
1ckg,2,1,1,None
1cks,6,6,2,PISA
1cli,2,2,2,Both
1coj,4,4,4,Both
1crl,1,2,1,EPPIC
1cs1,4,4,4,Both
1cs3,2,2,2,Both
1csh,2,2,2,Both
1cuk,4,4,4,Both
1cxq,2,2,1,PISA
1cz3,2,2,2,Both
1czj,2,2,2,Both
1d01,3,6,1,None
1d0c,2,2,2,Both
1d1l,2,4,1,None
1d1m,1,1,1,Both
1d1s,2,2,1,PISA
1d1t,2,2,2,Both
1d2c,4,4,2,PISA
1d2f,2,2,2,Both
1d2n,6,6,6,Both
1d2q,3,3,3,Both
1d2t,6,6,2,PISA
1d3c,1,1,1,Both
1d3v,3,3,3,Both
1d6n,4,4,4,Both
1d9c,2,2,2,Both
1db3,2,6,2,EPPIC
1dbf,3,3,3,Both
1dbq,2,2,2,Both
1dc6,4,4,4,Both
1dcf,2,2,2,Both
1dci,6,6,6,Both
1dcu,4,4,2,PISA
1dd1,3,6,3,EPPIC
1ddw,1,1,1,Both
1dg1,1,2,2,None
1dg6,3,3,3,Both
1dgf,4,4,4,Both
1dhr,2,2,2,Both
1dhy,8,8,4,PISA
1di0,10,10,5,PISA
1di6,3,3,3,Both
1dku,6,6,6,Both
1dm5,6,6,3,PISA
1dmx,1,1,1,Both
1dof,4,4,4,Both
1dol,1,4,2,None
1dos,2,2,2,Both
1dpg,2,2,2,Both
1dqp,2,2,2,Both
1dqu,4,4,4,Both
1dqz,1,2,1,EPPIC
1dsx,4,1,1,None
1dto,2,1,1,None
1dug,2,2,2,Both
1duw,2,2,1,PISA
1dv7,2,2,2,Both
1dv8,1,2,1,EPPIC
1dvi,2,2,2,Both
1dx4,2,1,1,None
1dxh,12,12,3,PISA
1dxy,2,6,2,EPPIC
1dz3,2,2,2,Both
1dzf,2,2,2,Both
1dzk,1,1,1,Both
1dzr,2,2,2,Both
1e1o,2,2,2,Both
1e29,2,2,1,PISA
1e2y,10,10,2,PISA
1e3i,2,2,2,Both
1e3j,4,2,4,EPPIC
1e3w,4,4,1,PISA
1e4e,2,4,2,EPPIC
1e4m,2,2,2,Both
1e51,8,8,8,Both
1e58,2,2,1,PISA
1e5p,1,1,1,Both
1e6b,2,2,2,Both
1e6u,2,2,2,Both
1e7n,2,2,2,Both
1e8g,8,8,2,PISA
1e94,12,12,6,PISA
1e9i,2,2,2,Both
1e9r,6,6,6,Both
1eaj,2,2,2,Both
1ec8,4,2,2,None
1ecy,2,1,2,EPPIC
1edo,4,4,4,Both
1ee0,2,2,2,Both
1eeq,2,2,1,PISA
1ef8,6,6,3,PISA
1ef9,6,1,1,None
1eg1,1,2,1,EPPIC
1eg5,2,2,2,Both
1ehi,2,2,2,Both
1ehw,6,6,2,PISA
1ejb,5,5,5,Both
1eji,4,4,4,Both
1ekk,3,3,3,Both
1ekq,3,3,3,Both
1elu,2,2,2,Both
1emy,1,1,1,Both
1eno,4,4,4,Both
1eny,4,4,4,Both
1eo6,1,2,1,EPPIC
1eoe,4,1,1,None
1eov,2,2,2,Both
1ep0,2,2,2,Both
1eq9,2,1,1,None
1eqr,2,6,2,EPPIC
1es6,1,2,2,None
1eso,1,1,1,Both
1et0,2,2,2,Both
1euh,4,4,2,PISA
1eum,24,24,2,PISA
1ev4,2,2,2,Both
1ew3,2,2,1,PISA
1ex0,2,2,2,Both
1exr,1,1,1,Both
1exs,2,2,1,PISA
1eyv,2,2,2,Both
1ez4,4,4,4,Both
1ezr,4,4,4,Both
1ezw,4,4,4,Both
1f0n,1,1,1,Both
1f1c,2,2,2,Both
1f1g,2,2,2,Both
1f1u,4,4,4,Both
1f28,2,2,2,Both
1f2v,2,2,1,PISA
1f33,12,12,12,Both
1f3h,2,2,1,PISA
1f3z,2,1,1,None
1f4n,2,4,2,EPPIC
1f52,12,12,12,Both
1f5m,2,4,2,EPPIC
1f6b,2,1,1,None
1f6l,2,2,2,Both
1f6r,1,6,1,EPPIC
1f74,4,4,4,Both
1f89,2,2,2,Both
1f8f,4,4,2,PISA
1f8m,4,4,4,Both
1f97,2,2,2,Both
1f9a,6,6,2,PISA
1f9k,2,1,1,None
1f9v,1,1,1,Both
1fa2,4,2,1,None
1fby,2,1,1,None
1fc4,2,2,2,Both
1fcg,1,2,1,EPPIC
1fd2,1,1,1,Both
1fd9,2,2,2,Both
1fec,2,2,2,Both
1fg7,2,2,2,Both
1fgu,1,1,1,Both
1fhe,2,2,2,Both
1fi4,2,2,2,Both
1fiy,4,2,2,None
1fjj,2,1,1,None
1fki,1,1,1,Both
1fl0,1,1,1,Both
1fl2,2,2,2,Both
1fmc,4,4,4,Both
1fny,4,4,2,PISA
1foc,2,2,1,PISA
1fp1,2,2,2,Both
1fp2,2,2,2,Both
1fr3,6,6,2,PISA
1fri,1,1,1,Both
1fs5,6,6,3,PISA
1fsg,4,4,4,Both
1fua,4,4,4,Both
1fur,4,4,4,Both
1fux,2,2,2,Both
1fw1,2,2,2,Both
1fx2,1,1,1,Both
1fx4,1,1,1,Both
1fxo,4,4,4,Both
1fxz,3,3,3,Both
1g0h,2,2,2,Both
1g0o,4,4,4,Both
1g2i,6,2,6,EPPIC
1g2n,1,2,2,None
1g2o,3,3,3,Both
1g2x,3,2,1,None
1g3m,2,1,1,None
1g3p,1,2,1,EPPIC
1g57,2,2,2,Both
1g5a,1,2,1,EPPIC
1g5y,4,4,2,PISA
1g63,12,12,3,PISA
1g6h,1,1,1,Both
1g6o,6,12,6,EPPIC
1g6q,2,2,2,Both
1g6x,1,2,1,EPPIC
1g7v,4,4,4,Both
1g82,2,4,1,None
1g86,1,1,2,PISA
1g8l,2,2,2,Both
1g8w,4,4,2,PISA
1gad,4,4,4,Both
1gaj,1,24,1,EPPIC
1gam,2,1,1,None
1gbn,2,2,2,Both
1gc0,4,4,4,Both
1gci,1,1,1,Both
1gd6,1,1,1,Both
1gde,2,2,2,Both
1gdh,2,2,2,Both
1ge7,1,1,1,Both
1ge8,3,3,1,PISA
1ges,2,2,2,Both
1gg0,4,2,2,None
1gg1,4,4,2,PISA
1ggg,1,2,2,None
1gk4,2,2,1,PISA
1gkm,4,4,4,Both
1gkp,4,4,2,PISA
1gkr,4,2,2,None
1gkz,2,4,2,EPPIC
1glv,4,2,2,None
1gml,1,2,1,EPPIC
1gmy,1,1,1,Both
1gmz,2,1,1,None
1gnk,3,3,3,Both
1gnw,2,2,2,Both
1gnz,4,1,2,None
1goj,1,1,1,Both
1gp7,2,2,1,PISA
1gpe,2,1,2,EPPIC
1gpr,2,2,2,Both
1gq6,6,6,6,Both
1gqi,2,1,2,EPPIC
1gqm,6,6,2,PISA
1gqo,12,12,12,Both
1gqp,1,2,1,EPPIC
1gr0,4,4,4,Both
1gr3,3,3,3,Both
1gsu,2,2,2,Both
1gt1,2,2,2,Both
1gte,2,2,2,Both
1gtp,10,20,10,EPPIC
1gu9,3,3,3,Both
1gut,6,12,2,None
1guz,4,4,2,PISA
1gv0,4,4,4,Both
1gvf,4,2,2,None
1gwc,2,2,2,Both
1gwe,4,4,4,Both
1gwx,2,2,1,PISA
1gx5,1,2,1,EPPIC
1gy6,2,2,2,Both
1gy7,2,2,2,Both
1gy8,2,2,2,Both
1gyg,1,6,3,None
1gyo,2,2,1,PISA
1gyt,6,6,6,Both
1gz5,4,4,4,Both
1gz7,2,1,1,None
1h0x,2,2,2,Both
1h16,2,2,2,Both
1h1y,2,2,2,Both
1h2b,4,2,4,EPPIC
1h2e,1,1,1,Both
1h2i,11,11,11,Both
1h3d,6,6,2,PISA
1h4p,1,1,1,Both
1h4v,2,2,2,Both
1h4x,1,1,1,Both
1h5t,4,4,1,PISA
1h64,7,7,7,Both
1h65,2,2,2,Both
1h69,2,2,2,Both
1h6d,4,4,4,Both
1h6h,1,2,1,EPPIC
1h75,1,1,1,Both
1h8n,1,1,1,Both
1h8x,2,2,2,Both
1h97,1,2,1,EPPIC
1h9m,3,3,3,Both
1h9u,2,8,2,EPPIC
1ha4,2,1,1,None
1hcj,1,1,1,Both
1hcv,1,1,1,Both
1hcy,6,2,2,None
1hdc,4,4,4,Both
1hdh,1,1,1,Both
1hdo,1,1,1,Both
1hf2,2,4,2,EPPIC
1hgx,2,2,1,PISA
1hi9,10,10,10,Both
1hkk,1,2,2,None
1hlb,1,1,1,Both
1hlc,2,2,1,PISA
1hlm,2,2,2,Both
1hmk,1,2,2,None
1hnj,2,2,2,Both
1hq8,2,2,2,Both
1hql,4,2,2,None
1hqv,2,2,2,Both
1ht2,6,12,6,EPPIC
1ht6,1,1,1,Both
1ht9,2,2,2,Both
1hw1,2,2,2,Both
1hxh,4,4,4,Both
1hye,2,2,2,Both
1hyg,4,4,4,Both
1hyh,4,4,4,Both
1hzb,1,1,1,Both
1hzd,6,6,3,PISA
1hzf,1,1,1,Both
1i07,2,2,2,Both
1i0a,4,4,4,Both
1i0z,4,4,2,PISA
1i12,2,2,2,Both
1i1g,8,8,2,PISA
1i1l,6,6,2,PISA
1i24,2,4,2,EPPIC
1i24,2,4,2,EPPIC
1i2k,2,2,2,Both
1i32,4,4,4,Both
1i3d,4,4,2,PISA
1i3l,2,2,2,Both
1i3u,1,1,1,Both
1i40,6,6,3,PISA
1i4k,7,14,7,EPPIC
1i52,2,2,2,Both
1i58,2,1,1,None
1i5d,2,2,1,PISA
1i5e,2,2,2,Both
1i5r,2,2,2,Both
1i69,2,2,2,Both
1i6a,2,2,2,Both
1i77,1,1,1,Both
1i7p,1,1,1,Both
1i9e,1,4,1,EPPIC
1i9g,4,4,4,Both
1iam,2,1,1,None
1iat,2,2,2,Both
1iay,2,2,2,Both
1iaz,1,2,1,EPPIC
1ibj,4,4,4,Both
1ici,1,2,1,EPPIC
1ids,4,4,4,Both
1ifc,1,1,1,Both
1ifg,1,1,1,Both
1ig0,2,2,2,Both
1ig5,1,1,1,Both
1igw,4,4,4,Both
1ihk,2,2,1,PISA
1ii5,2,2,2,Both
1iic,1,1,1,Both
1inl,4,4,4,Both
1inn,2,2,2,Both
1iok,14,14,7,PISA
1iom,2,2,2,Both
1iow,2,2,2,Both
1is3,2,2,2,Both
1ith,4,1,2,None
1iu8,4,4,2,PISA
1iug,2,2,2,Both
1iuj,2,4,2,EPPIC
1ixb,2,2,2,Both
1ixl,2,2,2,Both
1ixz,6,1,1,None
1iy9,4,4,2,PISA
1iyb,1,1,1,Both
1iye,6,6,2,PISA
1iyz,2,2,2,Both
1iz0,1,2,2,None
1iz5,2,2,2,Both
1j04,1,2,2,None
1j1b,2,2,2,Both
1j1i,2,2,2,Both
1j2r,4,2,2,None
1j2z,3,3,3,Both
1j32,2,2,2,Both
1j3b,2,2,2,Both
1j4a,2,2,2,Both
1j4n,4,8,4,EPPIC
1j55,2,2,2,Both
1j5x,2,2,2,Both
1j6w,2,2,2,Both
1j6x,2,2,2,Both
1j8f,1,2,2,None
1j8u,2,1,1,None
1j93,2,12,2,EPPIC
1j98,2,2,2,Both
1ja9,4,4,4,Both
1jaw,4,2,2,None
1jd1,3,3,3,Both
1jdw,2,2,2,Both
1je0,6,6,6,Both
1jeo,4,4,4,Both
1jf9,2,2,2,Both
1jh5,60,60,3,PISA
1jhd,2,2,2,Both
1jhg,2,2,2,Both
1ji5,12,12,12,Both
1jig,12,12,2,PISA
1jj7,1,1,1,Both
1jjw,12,12,1,PISA
1jl6,1,1,1,Both
1jlj,3,3,3,Both
1jln,1,1,1,Both
1jmw,2,2,2,Both
1jnp,2,1,1,None
1jpd,1,1,1,Both
1jpu,8,8,2,PISA
1jq5,8,8,2,PISA
1jqb,4,4,4,Both
1jqn,4,1,1,None
1jqo,4,2,2,None
1jr9,2,2,2,Both
1jrk,2,4,2,EPPIC
1js0,3,3,3,Both
1js2,1,1,1,Both
1jsg,2,4,1,None
1jsw,4,4,4,Both
1jt9,6,6,1,PISA
1jtv,2,2,2,Both
1jub,2,2,2,Both
1jug,1,1,1,Both
1jvb,4,4,4,Both
1jvk,2,2,2,Both
1jvw,1,1,1,Both
1jw8,1,3,1,EPPIC
1jxh,2,2,2,Both
1jxn,2,2,2,Both
1jye,2,2,2,Both
1jyl,1,1,1,Both
1jzo,2,2,2,Both
1k04,2,2,2,Both
1k05,2,4,1,None
1k0d,2,2,2,Both
1k2e,2,2,2,Both
1k2p,1,1,2,PISA
1k38,2,1,2,EPPIC
1k3y,2,2,2,Both
1k40,1,1,1,Both
1k4m,1,3,1,EPPIC
1k62,4,4,4,Both
1k66,2,2,2,Both
1k68,2,2,2,Both
1k7w,4,4,4,Both
1k8u,2,2,2,Both
1k92,4,4,2,PISA
1k94,2,2,2,Both
1k95,2,2,2,Both
1k9u,2,2,2,Both
1kaq,2,2,2,Both
1kaw,4,1,2,None
1kbi,4,4,4,Both
1kbj,4,4,4,Both
1kc7,2,2,2,Both
1kcm,2,2,1,PISA
1kcx,4,2,2,None
1kew,2,2,2,Both
1kgi,4,4,2,PISA
1khx,3,3,3,Both
1kjq,2,2,2,Both
1kk1,1,1,1,Both
1kkc,4,4,4,Both
1kll,2,2,2,Both
1km8,1,1,1,Both
1kmz,2,2,2,Both
1knc,3,6,3,EPPIC
1ko7,3,6,6,None
1kob,1,2,1,EPPIC
1kol,4,4,4,Both
1kor,4,4,2,PISA
1kp0,2,2,2,Both
1kq3,8,8,2,PISA
1kqn,6,1,2,None
1kr4,3,3,3,Both
1krq,24,24,2,PISA
1krr,3,3,3,Both
1ksi,2,2,2,Both
1ksk,1,1,1,Both
1kt6,1,1,1,Both
1ktb,2,2,2,Both
1ktg,1,1,1,Both
1ku3,1,2,2,None
1kvs,2,2,1,PISA
1kw6,8,8,1,PISA
1kwi,1,1,1,Both
1kxg,60,3,3,None
1kxo,1,2,1,EPPIC
1kz1,5,10,5,EPPIC
1l0w,2,2,2,Both
1l1q,2,2,2,Both
1l2u,2,2,2,Both
1l3i,4,4,2,PISA
1l5s,2,2,2,Both
1l5w,2,2,2,Both
1l5z,2,4,1,None
1l6s,8,8,8,Both
1l8n,2,1,2,EPPIC
1l9n,1,1,1,Both
1lam,6,6,6,Both
1lb3,24,24,24,Both
1lbd,2,6,2,EPPIC
1lbv,2,2,2,Both
1lc0,1,1,1,Both
1lc5,2,2,2,Both
1lcl,2,2,2,Both
1lcy,3,3,3,Both
1ldf,4,4,4,Both
1ldn,4,4,2,PISA
1lgt,8,8,2,PISA
1lhp,2,2,2,Both
1lht,1,1,1,Both
1li4,4,4,4,Both
1lk5,4,4,4,Both
1lko,2,4,4,None
1lkv,1,4,4,None
1ll1,6,2,2,None
1lld,4,4,4,Both
1llf,2,2,1,PISA
1llu,4,4,2,PISA
1lmq,1,1,1,Both
1lo7,4,4,4,Both
1lok,1,1,1,Both
1lpf,2,2,2,Both
1lpj,1,1,1,Both
1lpn,1,2,1,EPPIC
1lpy,1,1,1,Both
1lq9,2,2,2,Both
1lru,1,2,1,EPPIC
1ls9,1,1,1,Both
1lua,3,3,3,Both
1lv2,2,4,2,EPPIC
1lvl,2,2,2,Both
1lvw,4,4,4,Both
1lx7,6,6,6,Both
1lxe,2,2,2,Both
1lzl,2,2,2,Both
1m0k,3,3,1,PISA
1m0s,2,2,2,Both
1m0t,2,4,2,EPPIC
1m0u,2,2,2,Both
1m0w,2,2,2,Both
1m15,1,1,1,Both
1m2k,1,1,1,Both
1m3s,4,4,4,Both
1m3u,10,10,10,Both
1m4m,2,2,1,PISA
1m6j,2,2,2,Both
1m6k,1,1,1,Both
1m6n,2,2,2,Both
1m6s,4,4,4,Both
1m7s,4,4,4,Both
1m85,4,4,4,Both
1mb3,1,1,1,Both
1mba,1,1,1,Both
1mc3,4,4,4,Both
1mc4,2,2,2,Both
1mdo,2,2,2,Both
1mfm,1,1,1,Both
1mgq,7,7,7,Both
1mi1,1,1,1,Both
1mi3,2,4,2,EPPIC
1mj3,6,6,3,PISA
1mj5,1,1,1,Both
1mjs,1,1,1,Both
1mjt,2,2,2,Both
1mk1,2,2,2,Both
1mka,2,2,2,Both
1mkh,2,2,2,Both
1mkz,6,6,6,Both
1ml4,3,3,3,Both
1mlw,1,1,1,Both
1mo0,2,2,2,Both
1mo9,2,2,2,Both
1mou,1,4,1,EPPIC
1moy,4,4,2,PISA
1mp9,2,2,2,Both
1mpu,2,2,2,Both
1mpy,4,4,4,Both
1mq0,4,4,4,Both
1mr8,2,4,2,EPPIC
1mu4,2,4,2,EPPIC
1muc,8,8,8,Both
1muq,10,10,1,PISA
1muw,4,4,4,Both
1mv5,2,1,2,EPPIC
1mvl,3,3,3,Both
1mvq,4,4,1,PISA
1mww,3,3,3,Both
1mx3,2,2,2,Both
1mxf,4,4,4,Both
1my6,2,2,2,Both
1mz4,1,1,1,Both
1mze,2,2,2,Both
1mzj,2,2,2,Both
1mzs,2,2,2,Both
1mzv,2,2,2,Both
1mzy,3,3,3,Both
1n00,1,2,2,None
1n1a,2,2,1,PISA
1n1b,2,2,2,Both
1n1d,2,2,2,Both
1n1q,12,12,2,PISA
1n1x,1,1,1,Both
1n2a,2,2,2,Both
1n3s,10,10,10,Both
1n47,4,1,2,None
1n57,2,2,2,Both
1n5d,1,2,1,EPPIC
1n70,3,3,3,Both
1n7e,2,2,2,Both
1n7h,4,4,4,Both
1n7k,4,4,4,Both
1n83,1,1,1,Both
1n8p,4,4,4,Both
1n9r,7,14,7,EPPIC
1nb2,6,2,2,None
1nbq,2,1,2,EPPIC
1ney,2,2,2,Both
1nf6,24,2,2,None
1nf9,2,2,2,Both
1nff,4,4,4,Both
1nfg,4,4,2,PISA
1nfv,24,24,2,PISA
1ng2,2,2,2,Both
1nh9,2,2,2,Both
1nhk,4,4,2,PISA
1nhp,4,2,2,None
1nhq,4,2,2,None
1nkd,2,2,2,Both
1nkt,2,4,4,None
1nlf,6,6,6,Both
1nlk,4,4,2,PISA
1nm0,4,4,4,Both
1nmo,6,6,6,Both
1nmy,2,2,2,Both
1nn5,2,2,2,Both
1nn7,4,4,1,PISA
1nnd,1,1,1,Both
1nq3,3,3,3,Both
1nqo,4,4,4,Both
1nrf,1,1,1,Both
1nrv,2,1,1,None
1ns5,2,2,2,Both
1nsj,2,2,2,Both
1nsq,6,6,6,Both
1nsw,2,4,1,None
1nu5,8,8,8,Both
1nut,4,4,2,PISA
1nuy,4,4,2,PISA
1nv7,4,4,2,PISA
1nv8,1,2,2,None
1nvt,2,2,2,Both
1nw2,2,8,2,EPPIC
1nw4,6,2,6,EPPIC
1nxd,4,4,2,PISA
1nxm,2,2,2,Both
1nxp,2,2,2,Both
1nyt,2,8,1,None
1o20,4,4,2,PISA
1o4r,1,1,1,Both
1o4s,2,2,2,Both
1o54,4,4,4,Both
1o59,6,6,3,PISA
1o5i,4,4,4,Both
1o5k,4,4,4,Both
1o5x,2,2,2,Both
1o60,4,4,2,PISA
1o66,10,1,2,None
1o68,10,10,2,PISA
1o6b,6,6,2,PISA
1o6d,2,2,2,Both
1o6v,1,2,1,EPPIC
1o7z,2,2,1,PISA
1o89,2,2,2,Both
1o8b,2,2,2,Both
1o91,3,3,3,Both
1o9b,2,2,2,Both
1o9c,2,2,2,Both
1o9j,4,4,4,Both
1o9r,12,12,12,Both
1oa2,1,2,1,EPPIC
1oaa,2,2,2,Both
1oah,2,2,2,Both
1oal,1,2,2,None
1obf,4,4,4,Both
1oc2,2,2,2,Both
1ocx,3,1,1,None
1od2,2,2,2,Both
1od6,6,6,2,PISA
1odk,6,6,6,Both
1oe1,3,3,3,Both
1oe8,2,2,1,PISA
1of8,4,4,2,PISA
1off,1,1,1,Both
1ofr,4,4,2,PISA
1ofw,2,2,1,PISA
1oh0,2,2,2,Both
1ohl,8,8,8,Both
1ohq,2,2,1,PISA
1oi6,2,2,2,Both
1ojt,2,2,2,Both
1ok8,3,3,3,Both
1oke,2,2,2,Both
1on2,2,2,2,Both
1on9,6,3,6,EPPIC
1onf,2,2,2,Both
1oni,3,3,3,Both
1ons,2,2,2,Both
1onw,8,8,8,Both
1oo2,4,4,2,PISA
1ope,4,2,2,None
1orc,1,1,1,Both
1ord,2,2,2,Both
1orf,2,2,1,PISA
1ori,2,2,2,Both
1orr,4,2,2,None
1ort,12,3,3,None
1orv,4,4,2,PISA
1osm,3,3,3,Both
1otf,6,6,6,Both
1oth,3,3,3,Both
1ovm,4,4,2,PISA
1oy0,10,2,2,None
1oyp,6,2,2,None
1ozh,4,4,2,PISA
1p0f,2,2,2,Both
1p0i,1,2,1,EPPIC
1p17,2,4,2,EPPIC
1p1f,4,4,4,Both
1p1j,4,4,4,Both
1p33,4,4,4,Both
1p3y,12,24,3,None
1p5f,2,2,2,Both
1p6o,2,2,2,Both
1p7o,2,12,1,None
1p9o,2,2,2,Both
1p9p,2,2,2,Both
1paz,1,1,1,Both
1pb1,2,2,2,Both
1pbi,2,4,2,EPPIC
1pc4,1,1,1,Both
1pcz,2,2,2,Both
1pd2,2,2,2,Both
1pdr,1,1,1,Both
1pew,1,4,1,EPPIC
1pf5,3,3,3,Both
1pgu,1,2,1,EPPIC
1pi6,1,2,1,EPPIC
1pjc,6,6,2,PISA
1pjh,6,6,6,Both
1pk8,4,4,4,Both
1pkh,6,6,3,PISA
1pkk,6,6,3,PISA
1pkn,4,1,1,None
1pky,4,4,4,Both
1pl4,4,4,4,Both
1pmt,2,2,2,Both
1pn9,2,2,2,Both
1po5,1,2,2,None
1prx,2,2,2,Both
1ps0,2,2,2,Both
1psq,2,2,2,Both
1psr,2,2,2,Both
1psu,4,2,2,None
1ptf,1,1,1,Both
1ptm,2,2,2,Both
1pu2,2,2,2,Both
1puc,2,2,2,Both
1pv8,6,6,6,Both
1pv9,2,2,2,Both
1pvg,2,2,2,Both
1pvt,1,4,4,None
1pvv,12,12,3,PISA
1py9,2,2,2,Both
1pym,4,4,4,Both
1pzg,4,4,4,Both
1pzs,2,2,2,Both
1q1u,1,1,1,Both
1q3o,2,2,1,PISA
1q3q,16,8,8,None
1q4g,2,2,2,Both
1q4t,4,4,2,PISA
1q57,7,7,7,Both
1q5n,4,4,4,Both
1q5x,3,3,1,PISA
1q6h,2,2,2,Both
1q6o,2,4,4,None
1q6z,4,4,4,Both
1q7b,4,4,4,Both
1q8f,4,4,4,Both
1q92,1,2,2,None
1q98,2,2,2,Both
1qa3,3,3,3,Both
1qad,1,1,1,Both
1qah,3,3,3,Both
1qcf,1,1,1,Both
1qd0,1,2,1,EPPIC
1qd9,3,3,3,Both
1qde,1,1,1,Both
1qdn,6,6,1,PISA
1qe0,2,2,2,Both
1qe5,3,3,3,Both
1qez,6,6,2,PISA
1qhf,4,2,1,None
1qhm,2,2,2,Both
1qhx,4,4,2,PISA
1qi9,2,2,2,Both
1qj8,1,2,1,EPPIC
1qk1,8,1,1,None
1qkk,2,4,1,None
1qks,2,2,2,Both
1qlj,2,1,2,EPPIC
1qmj,2,2,2,Both
1qmp,1,1,1,Both
1qmv,10,10,2,PISA
1qnw,4,4,2,PISA
1qo8,2,1,2,EPPIC
1qor,2,2,2,Both
1qp1,2,2,1,PISA
1qq2,2,2,2,Both
1qqq,2,2,2,Both
1qqs,1,1,1,Both
1qqy,1,1,1,Both
1qrd,2,2,2,Both
1qre,3,3,3,Both
1qsg,4,4,4,Both
1qsm,4,2,2,None
1qu9,3,3,3,Both
1qvb,4,4,2,PISA
1qvc,4,4,2,PISA
1qvz,2,1,1,None
1qwg,3,3,3,Both
1qwm,4,4,4,Both
1qya,2,2,2,Both
1qyc,2,2,1,PISA
1qz9,2,2,2,Both
1qzz,2,2,2,Both
1r03,24,24,2,PISA
1r1d,2,1,2,EPPIC
1r2k,6,6,3,PISA
1r2q,1,1,1,Both
1r2r,2,2,2,Both
1r3s,2,2,2,Both
1r53,4,4,4,Both
1r5a,2,2,2,Both
1r5q,2,2,2,Both
1r66,2,2,2,Both
1r6l,6,6,6,Both
1r6n,1,1,1,Both
1r6x,1,1,1,Both
1r7a,2,2,2,Both
1r7h,2,2,2,Both
1r89,2,2,2,Both
1r8x,4,4,2,PISA
1r8y,4,8,2,None
1r9d,2,2,2,Both
1r9w,1,1,1,Both
1rcd,24,24,2,PISA
1re5,4,4,4,Both
1rg9,4,4,2,PISA
1rgg,1,2,1,EPPIC
1ri5,1,1,1,Both
1rjw,4,4,2,PISA
1rk4,2,2,2,Both
1rkd,2,2,2,Both
1rkx,4,4,2,PISA
1rmr,2,4,1,None
1ro5,1,12,2,None
1rpx,6,6,6,Both
1rpy,2,4,2,EPPIC
1rqg,2,1,1,None
1rrm,2,2,2,Both
1rtr,2,2,2,Both
1rtt,2,4,4,None
1rtv,2,2,2,Both
1rv1,1,1,1,Both
1rv3,4,4,4,Both
1rwz,3,12,2,None
1ry6,1,1,1,Both
1s0a,2,2,2,Both
1s0u,1,1,1,Both
1s1g,4,4,1,PISA
1s1m,4,4,2,PISA
1s2w,2,2,2,Both
1s2z,2,4,4,None
1s3z,2,2,2,Both
1s5v,4,2,2,None
1s7o,2,2,2,Both
1s7z,2,2,2,Both
1s8i,1,2,1,EPPIC
1s8n,1,1,1,Both
1s9p,2,4,2,EPPIC
1sb8,2,2,2,Both
1sby,2,2,2,Both
1sck,2,2,2,Both
1scz,24,24,1,PISA
1sdj,2,2,2,Both
1se8,2,2,2,Both
1sef,8,8,4,PISA
1sei,2,2,2,Both
1sez,2,4,1,None
1sff,4,4,2,PISA
1sfn,2,8,8,None
1sfn,2,8,8,None
1sg3,6,6,3,PISA
1si8,4,4,4,Both
1sjd,8,2,8,EPPIC
1sjv,2,2,2,Both
1sjw,4,2,2,None
1sjy,2,2,2,Both
1slh,3,6,3,EPPIC
1slt,2,1,1,None
1sm9,2,8,2,EPPIC
1sml,4,4,1,PISA
1snd,2,2,2,Both
1snr,3,3,3,Both
1spi,4,4,2,PISA
1spx,4,4,4,Both
1sq4,8,8,4,PISA
1sq6,6,6,6,Both
1srd,2,2,2,Both
1ssq,6,6,3,PISA
1stz,2,6,2,EPPIC
1sup,1,1,1,Both
1svb,2,2,2,Both
1sw6,1,2,2,None
1swg,4,4,2,PISA
1szf,4,4,4,Both
1szj,4,4,4,Both
1t10,2,2,2,Both
1t1d,4,1,1,None
1t25,4,4,4,Both
1t3c,2,2,1,PISA
1t3d,6,6,3,PISA
1t3i,2,2,2,Both
1t4a,4,4,2,PISA
1t4b,2,2,2,Both
1t5h,2,1,2,EPPIC
1t9a,2,8,2,EPPIC
1t9b,2,2,2,Both
1tbp,2,2,1,PISA
1tc1,2,2,2,Both
1te0,3,24,3,EPPIC
1tf5,1,1,1,Both
1tfp,4,4,4,Both
1thj,3,6,3,EPPIC
1tis,2,2,2,Both
1tjo,12,12,12,Both
1tk9,4,4,4,Both
1tkk,8,2,2,None
1tlt,4,4,2,PISA
1tmy,1,1,1,Both
1toh,4,4,2,PISA
1tqh,2,1,2,EPPIC
1tqj,6,6,2,PISA
1trb,2,2,2,Both
1tu4,1,8,1,EPPIC
1tu6,1,1,1,Both
1tui,1,1,3,PISA
1tvd,2,2,1,PISA
1tvz,2,2,2,Both
1tw3,2,2,2,Both
1tz0,2,2,2,Both
1tzf,6,6,6,Both
1tzq,1,1,1,Both
1tzv,1,1,1,Both
1u08,2,2,2,Both
1u0k,2,2,2,Both
1u0m,2,2,2,Both
1u1z,6,6,6,Both
1u3w,2,2,2,Both
1u4j,2,2,1,PISA
1u6e,2,2,2,Both
1u6r,2,2,2,Both
1u7z,2,2,2,Both
1u83,3,3,3,Both
1u83,1,3,3,None
1u94,6,1,1,None
1u9j,6,2,2,None
1ub0,2,2,2,Both
1ub3,4,4,4,Both
1uby,2,2,2,Both
1ucn,6,6,6,Both
1udc,2,2,2,Both
1udo,6,6,6,Both
1udr,1,1,1,Both
1udv,2,2,2,Both
1ue1,4,4,4,Both
1ueu,2,2,2,Both
1uir,4,4,2,PISA
1uj6,2,2,2,Both
1ujn,2,2,2,Both
1uk8,2,1,2,EPPIC
1ukg,2,2,2,Both
1uld,4,4,1,PISA
1un2,1,1,1,Both
1uou,2,2,2,Both
1up8,12,12,2,PISA
1up9,1,1,1,Both
1upi,2,2,2,Both
1uqr,12,12,12,Both
1uqt,2,4,4,None
1us0,1,1,1,Both
1uu1,2,2,2,Both
1uuf,2,2,2,Both
1uuj,2,4,2,EPPIC
1uuy,3,3,2,PISA
1ux0,4,4,4,Both
1uxt,4,4,4,Both
1uz5,2,2,2,Both
1v02,2,6,1,None
1v1a,6,6,2,PISA
1v2d,2,2,2,Both
1v2z,2,2,2,Both
1v3u,2,2,2,Both
1v58,2,4,2,EPPIC
1v59,2,2,2,Both
1v5x,2,2,2,Both
1v6i,4,4,2,PISA
1v8k,1,4,1,EPPIC
1v8q,1,1,1,Both
1v9c,2,1,2,EPPIC
1vc1,2,2,2,Both
1vcq,2,1,1,None
1vdc,2,2,2,Both
1vdk,4,4,4,Both
1ver,2,1,1,None
1vfj,3,3,3,Both
1vh2,2,2,2,Both
1vhd,2,2,2,Both
1vhm,2,2,2,Both
1vhw,6,6,6,Both
1vhz,2,2,2,Both
1vi2,2,2,2,Both
1vi3,2,2,1,PISA
1vi4,3,3,3,Both
1vim,4,4,2,PISA
1vio,1,1,1,Both
1vj0,4,4,2,PISA
1vjo,2,2,2,Both
1vke,6,6,2,PISA
1vl2,4,4,4,Both
1vlg,24,24,2,PISA
1vlj,2,2,2,Both
1vls,2,2,2,Both
1vlv,12,12,3,PISA
1vm7,2,2,2,Both
1vr6,4,4,4,Both
1vyr,1,1,1,Both
1w0c,4,4,4,Both
1w2i,1,1,1,Both
1w3i,4,4,2,PISA
1w4x,1,2,1,EPPIC
1wb0,1,1,1,Both
1wbf,2,1,1,None
1wl6,4,2,2,None
1wlu,4,4,4,Both
1wmz,2,4,2,EPPIC
1woh,6,6,6,Both
1wtl,2,2,2,Both
1x77,2,2,2,Both
1xat,3,3,3,Both
1xcv,2,2,2,Both
1xea,4,4,2,PISA
1xeo,1,1,1,Both
1xgs,1,1,2,PISA
1xh8,1,2,2,None
1xhl,4,4,4,Both
1xim,4,4,4,Both
1xla,4,4,4,Both
1xpm,2,2,2,Both
1xrg,3,3,3,Both
1yac,8,8,4,PISA
1yfm,4,4,4,Both
1ygs,3,3,1,PISA
1ykf,4,4,4,Both
1ynu,2,2,2,Both
1yvs,3,3,3,Both
1z3a,2,2,2,Both
1z7b,6,6,2,PISA
1zk4,4,4,4,Both
1zmt,4,4,4,Both
2a2r,2,2,2,Both
2a4x,2,2,2,Both
2a7b,1,1,1,Both
2ae1,2,4,4,None
2ae2,4,4,4,Both
2akz,2,2,2,Both
2al1,2,2,2,Both
2aps,2,2,1,PISA
2ay4,2,2,2,Both
2b5g,2,2,2,Both
2bce,1,1,1,Both
2bk6,12,12,12,Both
2bmw,1,1,1,Both
2btm,2,2,2,Both
2bw4,3,3,3,Both
2bwv,4,2,2,None
2c0r,2,2,2,Both
2c1h,8,8,8,Both
2c4j,2,2,2,Both
2c78,1,1,1,Both
2cb5,6,6,6,Both
2cd0,2,2,1,PISA
2cev,6,6,2,PISA
2chr,8,8,8,Both
2cro,1,1,1,Both
2cst,2,2,2,Both
2cvc,1,2,1,EPPIC
2cvl,3,3,3,Both
2cwj,3,3,3,Both
2dab,2,2,2,Both
2dcc,1,2,1,EPPIC
2dhq,12,12,12,Both
2dkb,4,4,2,PISA
2dld,2,2,2,Both
2dli,1,1,1,Both
2dri,1,1,1,Both
2dub,6,6,3,PISA
2eql,1,1,1,Both
2fhe,2,2,2,Both
2foy,1,1,1,Both
2fzw,2,2,2,Both
2g3p,1,2,2,None
2gh7,4,4,2,PISA
2gnk,3,3,3,Both
2gsq,2,2,2,Both
2gsr,2,2,2,Both
2h0g,2,4,2,EPPIC
2h5c,1,1,1,Both
2h7c,6,6,2,PISA
2hex,10,10,1,PISA
2hgs,2,1,2,EPPIC
2hhj,2,1,2,EPPIC
2hmp,1,2,1,EPPIC
2hyf,2,4,2,EPPIC
2imn,2,2,2,Both
2ldx,4,4,4,Both
2mas,4,4,4,Both
2mhr,1,1,1,Both
2nac,2,2,2,Both
2nwd,2,1,1,None
2nxc,2,2,2,Both
2nyb,2,2,2,Both
2olr,1,1,1,Both
2p9h,2,2,2,Both
2pah,4,4,1,PISA
2pg2,1,2,1,EPPIC
2pii,3,3,3,Both
2plh,4,2,1,None
2por,3,3,3,Both
2q1n,1,1,1,Both
2rhe,2,2,2,Both
2rsl,6,6,2,PISA
2sns,1,1,1,Both
2snw,2,1,1,None
2tnf,3,3,3,Both
2v1e,1,1,1,Both
2vub,2,8,2,EPPIC
2wea,1,2,1,EPPIC
2zta,2,2,2,Both
3cao,1,4,1,EPPIC
3csu,3,3,3,Both
3dap,2,2,2,Both
3kvt,4,4,1,PISA
3lad,2,2,2,Both
3lyn,2,2,1,PISA
3mag,1,1,1,Both
3mcg,2,2,2,Both
3mds,4,4,2,PISA
3prn,3,3,3,Both
3seb,1,1,1,Both
3tmk,2,2,2,Both
3vub,2,2,2,Both
4cev,6,6,6,Both
4fua,4,24,4,EPPIC
4pah,2,1,1,None
4tmk,2,6,2,EPPIC
4tsv,3,3,3,Both
5cro,2,24,1,None
5mdh,2,2,2,Both
5rub,2,2,2,Both
6gsv,2,2,2,Both
7aat,2,2,2,Both
7fd1,1,1,1,Both
7pti,1,1,1,Both
8abp,1,1,1,Both
8jdw,2,2,2,Both
