pdbCode,type,software
117E,author_defined_assembly,NULL
1A7S,author_defined_assembly,NULL
1A8H,author_defined_assembly,NULL
1AD2,author_defined_assembly,NULL
1AH7,author_defined_assembly,NULL
1ALW,author_and_software_defined_assembly,PISA
1ANN,author_defined_assembly,NULL
1AOK,author_and_software_defined_assembly,PISA
1AQL,author_defined_assembly,NULL
1AR0,author_and_software_defined_assembly,PISA
1AS4,author_and_software_defined_assembly,PISA
1B08,author_and_software_defined_assembly,"PISA,PQS"
1B11,author_and_software_defined_assembly,PISA
1B3N,author_and_software_defined_assembly,"PISA,PQS"
1B3O,author_defined_assembly,NULL
1B3R,author_and_software_defined_assembly,PISA
1B4T,author_defined_assembly,NULL
1B68,author_defined_assembly,NULL
1BJN,author_and_software_defined_assembly,PISA
1BL9,author_and_software_defined_assembly,PISA
1C0E,author_defined_assembly,NULL
1C30,author_defined_assembly,NULL
1C7I,author_defined_assembly,NULL
1CB6,author_defined_assembly,NULL
1CNS,author_defined_assembly,NULL
1D7P,author_and_software_defined_assembly,PISA
1DG8,author_defined_assembly,NULL
1DGB,author_and_software_defined_assembly,PISA
1DKL,author_defined_assembly,NULL
1DSY,author_defined_assembly,NULL
1DX9,software_defined_assembly,PQS
1E18,author_and_software_defined_assembly,PQS
1E2V,author_and_software_defined_assembly,PISA
1E39,software_defined_assembly,PISA
1E3E,author_and_software_defined_assembly,PISA
1E62,software_defined_assembly,PQS
1E7S,author_and_software_defined_assembly,PQS
1EK5,author_defined_assembly,NULL
1EO9,author_and_software_defined_assembly,"PISA,PQS"
1EQB,author_and_software_defined_assembly,PISA
1ES4,author_defined_assembly,NULL
1ETX,author_and_software_defined_assembly,PISA
1EUM,author_and_software_defined_assembly,"PISA,PQS"
1EYQ,author_defined_assembly,NULL
1F30,author_and_software_defined_assembly,PISA
1F3X,author_and_software_defined_assembly,PISA
1F6Y,author_and_software_defined_assembly,PISA
1F8U,author_and_software_defined_assembly,PISA
1FDI,author_defined_assembly,NULL
1FDT,author_and_software_defined_assembly,"PISA,PQS"
1FF2,author_defined_assembly,NULL
1FHX,author_defined_assembly,NULL
1FIH,author_and_software_defined_assembly,PISA
1FLJ,author_defined_assembly,NULL
1FNJ,author_and_software_defined_assembly,"PISA,PQS"
1FQE,author_defined_assembly,NULL
1FYA,author_defined_assembly,NULL
1G4T,author_defined_assembly,NULL
1G5Y,author_and_software_defined_assembly,PISA
1G6H,author_defined_assembly,NULL
1G7J,author_defined_assembly,NULL
1G81,author_defined_assembly,NULL
1G8R,author_and_software_defined_assembly,PISA
1G9G,author_defined_assembly,NULL
1G9H,author_defined_assembly,NULL
1GC8,author_and_software_defined_assembly,PISA
1GCB,author_and_software_defined_assembly,"PISA,PQS"
1GCK,author_and_software_defined_assembly,PISA
1GKM,author_and_software_defined_assembly,PISA
1GQ1,author_and_software_defined_assembly,PISA
1GUV,author_and_software_defined_assembly,PQS
1GVL,author_and_software_defined_assembly,PQS
1GYD,author_and_software_defined_assembly,PQS
1GZW,author_and_software_defined_assembly,PQS
1H4I,author_and_software_defined_assembly,PQS
1H6X,author_and_software_defined_assembly,PISA
1H71,author_and_software_defined_assembly,PQS
1H7N,author_and_software_defined_assembly,PQS
1H9A,author_and_software_defined_assembly,PQS
1HDE,author_defined_assembly,NULL
1HP0,author_and_software_defined_assembly,PISA
1HP1,author_defined_assembly,NULL
1HUU,author_and_software_defined_assembly,"PISA,PQS"
1HWU,author_and_software_defined_assembly,PISA
1HZO,author_defined_assembly,NULL
1I0Z,author_and_software_defined_assembly,"PISA,PQS"
1I1I,author_and_software_defined_assembly,PQS
1I3I,author_defined_assembly,NULL
1I71,author_defined_assembly,NULL
1I77,author_defined_assembly,NULL
1IJB,author_defined_assembly,NULL
1IN6,author_defined_assembly,NULL
1IOI,author_and_software_defined_assembly,PISA
1IR1,author_and_software_defined_assembly,"PISA,PQS"
1ISE,author_defined_assembly,NULL
1ITK,author_and_software_defined_assembly,PISA
1J0C,author_and_software_defined_assembly,PISA
1J0Y,author_defined_assembly,NULL
1J49,author_and_software_defined_assembly,PISA
1J8Y,author_defined_assembly,NULL
1J98,author_and_software_defined_assembly,"PISA,PQS"
1JHG,author_and_software_defined_assembly,"PISA,PQS"
1JIP,author_defined_assembly,NULL
1JLH,author_and_software_defined_assembly,PISA
1JLV,author_and_software_defined_assembly,PISA
1JPH,author_defined_assembly,NULL
1JRB,author_and_software_defined_assembly,PISA
1JVG,author_and_software_defined_assembly,PISA
1JXG,author_defined_assembly,NULL
1JZM,author_and_software_defined_assembly,PISA
1KEC,author_and_software_defined_assembly,PISA
1KFU,author_and_software_defined_assembly,PISA
1KR0,author_defined_assembly,NULL
1KT7,author_defined_assembly,NULL
1KXP,author_and_software_defined_assembly,PISA
1KZ1,author_and_software_defined_assembly,PISA
1L1E,author_defined_assembly,NULL
1L2Q,author_and_software_defined_assembly,"PISA,PQS"
1L2T,author_and_software_defined_assembly,PISA
1LAR,author_defined_assembly,NULL
1LDG,author_and_software_defined_assembly,"PISA,PQS"
1LIJ,author_defined_assembly,NULL
1LJU,author_defined_assembly,NULL
1LL2,author_and_software_defined_assembly,"PISA,PQS"
1LL7,author_defined_assembly,NULL
1LMH,author_defined_assembly,NULL
1LY8,author_defined_assembly,NULL
1M2B,author_and_software_defined_assembly,PISA
1M2J,author_defined_assembly,NULL
1M3Z,author_and_software_defined_assembly,PISA
1M7J,author_defined_assembly,NULL
1M8Z,author_defined_assembly,NULL
1MJA,author_defined_assembly,NULL
1MQK,author_and_software_defined_assembly,PISA
1MQP,author_defined_assembly,NULL
1MUM,author_and_software_defined_assembly,"PISA,PQS"
1MW1,author_defined_assembly,NULL
1MW9,author_defined_assembly,NULL
1MX6,author_defined_assembly,NULL
1N5D,author_defined_assembly,NULL
1N6L,author_defined_assembly,NULL
1N70,author_defined_assembly,NULL
1N7P,author_defined_assembly,NULL
1N8N,author_and_software_defined_assembly,"PISA,PQS"
1NBZ,author_defined_assembly,NULL
1NF5,author_defined_assembly,NULL
1NF9,author_defined_assembly,NULL
1NI4,author_and_software_defined_assembly,PISA
1NJJ,author_and_software_defined_assembly,PISA
1NKG,author_and_software_defined_assembly,PQS
1NNS,author_and_software_defined_assembly,PISA
1NQA,author_and_software_defined_assembly,PISA
1NSR,author_defined_assembly,NULL
1NTO,author_and_software_defined_assembly,PISA
1NYM,author_defined_assembly,NULL
1O0E,author_defined_assembly,NULL
1O8Q,author_and_software_defined_assembly,PQS
1OA2,author_and_software_defined_assembly,PQS
1OBA,author_and_software_defined_assembly,PQS
1OBL,author_and_software_defined_assembly,PQS
1ODS,author_and_software_defined_assembly,PQS
1OEN,author_defined_assembly,NULL
1OG4,author_and_software_defined_assembly,PQS
1OG5,author_and_software_defined_assembly,PISA
1OJK,author_and_software_defined_assembly,PQS
1OMR,author_defined_assembly,NULL
1OMW,author_defined_assembly,NULL
1OQ9,author_and_software_defined_assembly,"PISA,PQS"
1OTO,author_defined_assembly,NULL
1OWC,author_defined_assembly,NULL
1P2N,author_and_software_defined_assembly,PISA
1P3J,author_defined_assembly,NULL
1PD2,author_and_software_defined_assembly,PISA
1PI3,author_and_software_defined_assembly,"PISA,PQS"
1PKU,author_and_software_defined_assembly,PISA
1PS3,author_defined_assembly,NULL
1PYQ,author_and_software_defined_assembly,"PISA,PQS"
1QAK,author_and_software_defined_assembly,PISA
1QDB,author_and_software_defined_assembly,PISA
1QF7,author_and_software_defined_assembly,"PISA,PQS"
1QG2,author_defined_assembly,NULL
1QI7,author_defined_assembly,NULL
1QIP,author_and_software_defined_assembly,"PISA,PQS"
1QM5,software_defined_assembly,PQS
1QQT,author_defined_assembly,NULL
1QR9,author_and_software_defined_assembly,"PISA,PQS"
1QRM,author_and_software_defined_assembly,"PISA,PQS"
1QRZ,author_and_software_defined_assembly,PISA
1QUK,author_defined_assembly,NULL
1R38,author_and_software_defined_assembly,PISA
1R6A,author_and_software_defined_assembly,PISA
1R6U,author_and_software_defined_assembly,PISA
1RCI,author_and_software_defined_assembly,"PISA,PQS"
1RM5,author_and_software_defined_assembly,"PISA,PQS"
1RO7,author_and_software_defined_assembly,PISA
1RPM,author_defined_assembly,NULL
1RQB,author_and_software_defined_assembly,"PISA,PQS"
1RRH,author_defined_assembly,NULL
1RSY,author_defined_assembly,NULL
1RWB,author_and_software_defined_assembly,PQS
1RWY,author_defined_assembly,NULL
1RXX,author_and_software_defined_assembly,PQS
1RYM,author_defined_assembly,NULL
1RYY,author_and_software_defined_assembly,PISA
1S0A,author_and_software_defined_assembly,PISA
1S31,author_defined_assembly,NULL
1S44,author_and_software_defined_assembly,PISA
1S89,author_and_software_defined_assembly,PISA
1SD0,author_and_software_defined_assembly,PISA
1SIH,author_and_software_defined_assembly,PISA
1SJ2,author_and_software_defined_assembly,PISA
1SJS,author_and_software_defined_assembly,"PISA,PQS"
1SK2,author_and_software_defined_assembly,PQS
1SL8,author_defined_assembly,NULL
1SMA,author_and_software_defined_assembly,PISA
1SO4,author_and_software_defined_assembly,PISA
1SOX,author_and_software_defined_assembly,PISA
1SQ0,author_defined_assembly,NULL
1SQ2,author_and_software_defined_assembly,PISA
1SXU,author_defined_assembly,NULL
1SZK,author_and_software_defined_assembly,PISA
1T3D,author_and_software_defined_assembly,"PISA,PQS"
1T4G,author_defined_assembly,NULL
1T6D,author_defined_assembly,NULL
1T7N,author_defined_assembly,NULL
1TBF,author_defined_assembly,NULL
1TD2,author_and_software_defined_assembly,PISA
1TF7,author_and_software_defined_assembly,PISA
1TFR,author_defined_assembly,NULL
1TJD,author_defined_assembly,NULL
1TJU,author_and_software_defined_assembly,PISA
1TP7,author_defined_assembly,NULL
1TPZ,author_defined_assembly,NULL
1TR1,author_defined_assembly,NULL
1TV5,author_defined_assembly,NULL
1TXY,author_and_software_defined_assembly,PISA
1TZH,author_and_software_defined_assembly,PISA
1U0A,author_and_software_defined_assembly,PQS
1U3I,author_defined_assembly,NULL
1U3Y,author_defined_assembly,NULL
1U4N,author_defined_assembly,NULL
1U5H,author_defined_assembly,NULL
1U7C,author_and_software_defined_assembly,"PISA,PQS"
1UCC,author_defined_assembly,NULL
1UCL,author_defined_assembly,NULL
1UCS,author_defined_assembly,NULL
1UDN,author_and_software_defined_assembly,"PISA,PQS"
1UE0,author_defined_assembly,NULL
1UF5,author_defined_assembly,NULL
1UG6,author_defined_assembly,NULL
1UH4,author_defined_assembly,NULL
1UIK,author_and_software_defined_assembly,PISA
1UMH,author_defined_assembly,NULL
1UMY,author_and_software_defined_assembly,PQS
1URP,author_defined_assembly,NULL
1UWZ,author_and_software_defined_assembly,PQS
1UXK,author_and_software_defined_assembly,PQS
1UXR,author_and_software_defined_assembly,PQS
1UZA,author_and_software_defined_assembly,PQS
1UZL,author_and_software_defined_assembly,PQS
1UZR,author_and_software_defined_assembly,PQS
1V0B,author_and_software_defined_assembly,PQS
1V0F,author_and_software_defined_assembly,PQS
1V8V,author_and_software_defined_assembly,"PISA,PQS"
1VBO,author_and_software_defined_assembly,PISA
1VEW,author_and_software_defined_assembly,PISA
1VFE,author_defined_assembly,NULL
1VJ1,author_defined_assembly,NULL
1VLR,author_and_software_defined_assembly,PISA
1VNE,author_defined_assembly,NULL
1VSM,author_defined_assembly,NULL
1W2V,author_and_software_defined_assembly,PQS
1W2X,author_and_software_defined_assembly,PQS
1W5P,author_and_software_defined_assembly,PQS
1WAR,author_and_software_defined_assembly,PQS
1WB7,author_and_software_defined_assembly,PQS
1WBH,author_and_software_defined_assembly,PQS
1WKU,author_defined_assembly,NULL
1WLD,author_defined_assembly,NULL
1WMS,author_defined_assembly,NULL
1WN6,author_and_software_defined_assembly,PISA
1WPP,author_and_software_defined_assembly,PISA
1WUJ,author_and_software_defined_assembly,PISA
1X04,author_and_software_defined_assembly,"PISA,PQS"
1X1H,author_defined_assembly,NULL
1X1S,author_defined_assembly,NULL
1X1U,author_defined_assembly,NULL
1X38,author_defined_assembly,NULL
1XF8,author_defined_assembly,NULL
1XG6,author_defined_assembly,NULL
1XGT,author_defined_assembly,NULL
1XI0,author_defined_assembly,NULL
1XL7,author_defined_assembly,NULL
1XLN,author_defined_assembly,NULL
1XQ5,author_defined_assembly,NULL
1XQD,author_defined_assembly,NULL
1XTS,author_defined_assembly,NULL
1XXD,author_and_software_defined_assembly,PISA
1XXM,author_defined_assembly,NULL
1Y33,author_and_software_defined_assembly,PISA
1Y9D,author_and_software_defined_assembly,PISA
1YBA,author_defined_assembly,NULL
1YD3,author_defined_assembly,NULL
1YOO,author_and_software_defined_assembly,"PISA,PQS"
1YQC,author_and_software_defined_assembly,PISA
1YRQ,author_and_software_defined_assembly,"PISA,PQS"
1YSB,author_and_software_defined_assembly,PISA
1YU2,author_and_software_defined_assembly,"PISA,PQS"
1YU7,author_defined_assembly,NULL
1Z0N,author_defined_assembly,NULL
1Z3D,author_defined_assembly,NULL
1Z3E,author_defined_assembly,NULL
1Z3S,author_defined_assembly,NULL
1Z8J,author_and_software_defined_assembly,PISA
1ZA5,author_defined_assembly,NULL
1ZCO,author_and_software_defined_assembly,"PISA,PQS"
1ZD9,author_defined_assembly,NULL
1ZR5,author_defined_assembly,NULL
1ZX9,author_and_software_defined_assembly,"PISA,PQS"
1ZYD,author_and_software_defined_assembly,PISA
20GS,author_and_software_defined_assembly,PISA
2A0S,author_and_software_defined_assembly,"PISA,PQS"
2A1F,author_and_software_defined_assembly,PQS
2A48,author_defined_assembly,NULL
2A4C,author_and_software_defined_assembly,PISA
2A4L,author_defined_assembly,NULL
2A52,author_and_software_defined_assembly,"PISA,PQS"
2A8I,author_and_software_defined_assembly,PISA
2A9D,author_and_software_defined_assembly,PISA
2AC1,author_defined_assembly,NULL
2AC3,author_defined_assembly,NULL
2AEI,author_and_software_defined_assembly,PISA
2AGC,author_defined_assembly,NULL
2AHB,author_and_software_defined_assembly,PISA
2AIM,author_defined_assembly,NULL
2APX,author_defined_assembly,NULL
2AQR,author_and_software_defined_assembly,PISA
2ARX,author_defined_assembly,NULL
2ARY,author_defined_assembly,NULL
2AYV,author_defined_assembly,NULL
2B49,author_defined_assembly,NULL
2B4F,author_defined_assembly,NULL
2BBT,author_defined_assembly,NULL
2BER,author_and_software_defined_assembly,PQS
2BFM,author_and_software_defined_assembly,PQS
2BHT,author_and_software_defined_assembly,PISA
2BIV,author_and_software_defined_assembly,PISA
2BJI,author_and_software_defined_assembly,PQS
2BJV,author_and_software_defined_assembly,PQS
2BKC,author_and_software_defined_assembly,PQS
2BS3,author_and_software_defined_assembly,PQS
2BS5,software_defined_assembly,PISA
2BT2,author_and_software_defined_assembly,PISA
2BVJ,author_and_software_defined_assembly,PQS
2BVW,author_defined_assembly,NULL
2C0U,author_and_software_defined_assembly,PQS
2C5E,author_and_software_defined_assembly,PQS
2C8B,author_and_software_defined_assembly,PISA
2CA4,author_and_software_defined_assembly,PISA
2CAK,author_and_software_defined_assembly,PQS
2CB2,author_and_software_defined_assembly,PQS
2CI1,author_and_software_defined_assembly,PQS
2CIT,author_and_software_defined_assembly,PISA
2CJZ,author_and_software_defined_assembly,PQS
2CMW,author_and_software_defined_assembly,PQS
2COQ,author_defined_assembly,NULL
2CWS,author_defined_assembly,NULL
2D0E,author_defined_assembly,NULL
2DBZ,author_and_software_defined_assembly,PISA
2DCF,author_defined_assembly,NULL
2DGA,author_and_software_defined_assembly,"PISA,PQS"
2DQD,author_defined_assembly,NULL
2DRQ,author_and_software_defined_assembly,PISA
2DT5,author_and_software_defined_assembly,PISA
2DZU,author_defined_assembly,NULL
2E4F,author_and_software_defined_assembly,"PISA,PQS"
2E66,author_and_software_defined_assembly,PISA
2E7L,author_and_software_defined_assembly,PISA
2EAD,author_defined_assembly,NULL
2EC5,author_defined_assembly,NULL
2EFO,author_and_software_defined_assembly,"PISA,PQS"
2EG8,author_and_software_defined_assembly,PISA
2EID,author_defined_assembly,NULL
2ENG,author_defined_assembly,NULL
2ESD,author_and_software_defined_assembly,PISA
2ET1,author_and_software_defined_assembly,"PISA,PQS"
2EXH,author_and_software_defined_assembly,PISA
2EZ2,author_and_software_defined_assembly,"PISA,PQS"
2F29,author_defined_assembly,NULL
2F5F,author_and_software_defined_assembly,PISA
2F6B,author_defined_assembly,NULL
2FA4,author_and_software_defined_assembly,PISA
2FEM,author_defined_assembly,NULL
2FFN,author_defined_assembly,NULL
2FG6,author_and_software_defined_assembly,PISA
2FHR,author_defined_assembly,NULL
2FSS,author_and_software_defined_assembly,PISA
2FX0,author_and_software_defined_assembly,"PISA,PQS"
2FY3,author_defined_assembly,NULL
2FYK,author_and_software_defined_assembly,PISA
2G19,author_defined_assembly,NULL
2G25,author_and_software_defined_assembly,PISA
2G4K,author_defined_assembly,NULL
2GB4,author_defined_assembly,NULL
2GC6,author_defined_assembly,NULL
2GC9,author_and_software_defined_assembly,PISA
2GCP,author_defined_assembly,NULL
2GIL,author_defined_assembly,NULL
2GKG,author_defined_assembly,NULL
2GKT,author_defined_assembly,NULL
2GRO,author_defined_assembly,NULL
2GRY,author_defined_assembly,NULL
2GT4,author_and_software_defined_assembly,PISA
2GTU,author_and_software_defined_assembly,PISA
2H1B,author_defined_assembly,NULL
2H89,author_and_software_defined_assembly,PISA
2H9C,author_and_software_defined_assembly,PISA
2HBB,author_defined_assembly,NULL
2HD5,author_and_software_defined_assembly,PISA
2HDH,author_and_software_defined_assembly,"PISA,PQS"
2HKR,author_and_software_defined_assembly,"PISA,PQS"
2HL5,author_defined_assembly,NULL
2HLP,author_defined_assembly,NULL
2HT7,author_and_software_defined_assembly,"PISA,PQS"
2HXM,author_defined_assembly,NULL
2HXP,author_defined_assembly,NULL
2HYP,author_defined_assembly,NULL
2HYU,author_defined_assembly,NULL
2I89,author_and_software_defined_assembly,PISA
2IDR,author_defined_assembly,NULL
2IFY,author_defined_assembly,NULL
2IOH,author_and_software_defined_assembly,PISA
2IUO,author_and_software_defined_assembly,PQS
2IWV,author_and_software_defined_assembly,PQS
2IY7,author_and_software_defined_assembly,PQS
2J1P,author_and_software_defined_assembly,PQS
2J3V,author_and_software_defined_assembly,PQS
2J6L,author_and_software_defined_assembly,PISA
2J6W,author_and_software_defined_assembly,PQS
2J91,author_and_software_defined_assembly,PQS
2JDF,author_and_software_defined_assembly,PQS
2JE6,author_and_software_defined_assembly,PQS
2JEV,author_and_software_defined_assembly,PQS
2JG2,author_and_software_defined_assembly,PISA
2JG6,author_and_software_defined_assembly,PISA
2JHX,author_and_software_defined_assembly,PQS
2JI1,author_and_software_defined_assembly,PQS
2JJF,author_and_software_defined_assembly,PQS
2JKW,author_and_software_defined_assembly,PQS
2JLH,author_and_software_defined_assembly,PQS
2JLS,author_and_software_defined_assembly,PQS
2NLQ,author_and_software_defined_assembly,PISA
2NU6,author_defined_assembly,NULL
2NVB,author_and_software_defined_assembly,PISA
2NVE,author_defined_assembly,NULL
2NXI,author_and_software_defined_assembly,PISA
2O3H,author_defined_assembly,NULL
2O4V,author_and_software_defined_assembly,PISA
2O9F,author_and_software_defined_assembly,"PISA,PQS"
2OBE,author_and_software_defined_assembly,PISA
2OCI,author_defined_assembly,NULL
2OCS,author_defined_assembly,NULL
2OEF,author_defined_assembly,NULL
2OFA,author_and_software_defined_assembly,"PISA,PQS"
2OFW,author_and_software_defined_assembly,PISA
2OIP,author_and_software_defined_assembly,PISA
2OKA,author_and_software_defined_assembly,PISA
2OL7,author_defined_assembly,NULL
2OMV,author_and_software_defined_assembly,PISA
2OSX,author_defined_assembly,NULL
2OT4,author_and_software_defined_assembly,PISA
2OVD,author_defined_assembly,NULL
2OWQ,author_defined_assembly,NULL
2OXE,author_defined_assembly,NULL
2OXN,author_defined_assembly,NULL
2OYR,author_defined_assembly,NULL
2P20,author_defined_assembly,NULL
2P6I,author_defined_assembly,NULL
2P6O,author_defined_assembly,NULL
2PAA,author_defined_assembly,NULL
2PAE,author_and_software_defined_assembly,PISA
2PB0,author_defined_assembly,NULL
2PFR,author_and_software_defined_assembly,PQS
2PG6,author_defined_assembly,NULL
2POO,author_defined_assembly,NULL
2PU3,author_and_software_defined_assembly,PISA
2PUH,author_and_software_defined_assembly,"PISA,PQS"
2PWE,author_defined_assembly,NULL
2PX6,author_defined_assembly,NULL
2PXS,author_defined_assembly,NULL
2PZG,author_defined_assembly,NULL
2Q6A,author_and_software_defined_assembly,"PISA,PQS"
2Q6U,author_defined_assembly,NULL
2Q9T,author_defined_assembly,NULL
2QCH,author_and_software_defined_assembly,"PISA,PQS"
2QDS,author_and_software_defined_assembly,PQS
2QDV,author_defined_assembly,NULL
2QFT,author_defined_assembly,NULL
2QHL,author_and_software_defined_assembly,PISA
2QJA,author_and_software_defined_assembly,PISA
2QO4,author_defined_assembly,NULL
2QQJ,author_and_software_defined_assembly,PISA
2QRI,author_and_software_defined_assembly,PISA
2QXZ,author_and_software_defined_assembly,PISA
2R3X,author_and_software_defined_assembly,PISA
2R8O,author_and_software_defined_assembly,PISA
2RCV,author_and_software_defined_assembly,PISA
2RDZ,author_and_software_defined_assembly,PISA
2RGK,author_and_software_defined_assembly,PISA
2RJK,author_and_software_defined_assembly,PISA
2RJT,author_and_software_defined_assembly,PISA
2SRC,author_defined_assembly,NULL
2UV7,author_and_software_defined_assembly,PQS
2UWC,author_and_software_defined_assembly,PQS
2UY8,software_defined_assembly,PQS
2UZR,author_and_software_defined_assembly,PQS
2V0S,author_and_software_defined_assembly,PQS
2V6M,author_and_software_defined_assembly,PQS
2V8D,author_and_software_defined_assembly,PISA
2V9B,author_and_software_defined_assembly,PQS
2VFP,author_and_software_defined_assembly,PQS
2VGU,author_and_software_defined_assembly,PQS
2VJQ,author_and_software_defined_assembly,PISA
2VJY,author_and_software_defined_assembly,PQS
2VOT,author_and_software_defined_assembly,PQS
2VQO,software_defined_assembly,PQS
2VQS,author_and_software_defined_assembly,PQS
2VS6,software_defined_assembly,PQS
2VU4,author_and_software_defined_assembly,PQS
2VX9,author_and_software_defined_assembly,PISA
2VYX,author_and_software_defined_assembly,PISA
2VZT,author_and_software_defined_assembly,PQS
2W0A,author_and_software_defined_assembly,PQS
2W1Z,author_and_software_defined_assembly,PQS
2W2O,author_and_software_defined_assembly,PQS
2W4P,author_and_software_defined_assembly,PISA
2W5H,author_and_software_defined_assembly,PQS
2W5U,author_and_software_defined_assembly,PQS
2W61,author_and_software_defined_assembly,PQS
2W79,author_and_software_defined_assembly,PQS
2WA7,author_and_software_defined_assembly,PQS
2WCP,author_and_software_defined_assembly,PISA
2WDO,software_defined_assembly,PISA
2WDQ,author_and_software_defined_assembly,PISA
2WE2,author_and_software_defined_assembly,PQS
2WGI,author_and_software_defined_assembly,PISA
2WHM,software_defined_assembly,PISA
2WMG,author_and_software_defined_assembly,PQS
2WND,software_defined_assembly,PISA
2WOW,author_and_software_defined_assembly,PISA
2WR7,author_and_software_defined_assembly,PISA
2WTT,software_defined_assembly,PISA
2WUU,author_and_software_defined_assembly,PISA
2WVO,author_and_software_defined_assembly,PISA
2WXR,author_and_software_defined_assembly,PISA
2WZF,author_and_software_defined_assembly,PISA
2X1I,author_and_software_defined_assembly,PISA
2X1J,author_and_software_defined_assembly,PISA
2X2D,author_and_software_defined_assembly,PISA
2X5H,author_and_software_defined_assembly,PISA
2X8T,software_defined_assembly,PISA
2X9J,software_defined_assembly,PISA
2XE5,author_and_software_defined_assembly,PISA
2XFT,author_and_software_defined_assembly,PISA
2XH7,author_and_software_defined_assembly,PISA
2XIK,author_and_software_defined_assembly,PISA
2XJT,author_and_software_defined_assembly,PISA
2XLH,author_and_software_defined_assembly,PISA
2XM5,author_and_software_defined_assembly,PISA
2XQV,author_and_software_defined_assembly,PISA
2XSJ,author_and_software_defined_assembly,PISA
2XSN,author_and_software_defined_assembly,PISA
2XSU,author_and_software_defined_assembly,PISA
2XSX,author_and_software_defined_assembly,PISA
2XVJ,author_and_software_defined_assembly,PISA
2XWI,author_and_software_defined_assembly,PISA
2Y20,author_and_software_defined_assembly,PISA
2Y3H,author_and_software_defined_assembly,PISA
2Y53,author_and_software_defined_assembly,PISA
2Y7N,author_and_software_defined_assembly,PISA
2YCE,author_and_software_defined_assembly,PISA
2YDT,author_and_software_defined_assembly,PISA
2YHW,author_and_software_defined_assembly,PISA
2YJ4,author_and_software_defined_assembly,PISA
2YLK,author_and_software_defined_assembly,PISA
2YP3,author_and_software_defined_assembly,PISA
2YQB,author_and_software_defined_assembly,PISA
2Z1G,author_defined_assembly,NULL
2Z1Z,author_and_software_defined_assembly,"PISA,PQS"
2Z3Z,author_and_software_defined_assembly,"PISA,PQS"
2Z4U,author_defined_assembly,NULL
2Z58,author_and_software_defined_assembly,"PISA,PQS"
2ZBM,author_and_software_defined_assembly,PISA
2ZBZ,author_and_software_defined_assembly,PISA
2ZCS,author_and_software_defined_assembly,PISA
2ZCT,author_and_software_defined_assembly,PISA
2ZE4,author_and_software_defined_assembly,PISA
2ZEF,author_and_software_defined_assembly,"PISA,PQS"
2ZGU,author_and_software_defined_assembly,PISA
2ZL1,author_and_software_defined_assembly,PISA
2ZND,author_and_software_defined_assembly,PISA
2ZPS,author_and_software_defined_assembly,PISA
2ZWG,author_and_software_defined_assembly,PISA
2ZXK,author_and_software_defined_assembly,PISA
2ZY5,author_and_software_defined_assembly,PISA
2ZZ0,author_and_software_defined_assembly,PISA
2ZZO,author_and_software_defined_assembly,PISA
3A4G,author_and_software_defined_assembly,PISA
3A6L,author_and_software_defined_assembly,PISA
3A75,author_and_software_defined_assembly,PISA
3AET,author_and_software_defined_assembly,PISA
3AFQ,author_and_software_defined_assembly,PISA
3AHG,author_and_software_defined_assembly,PISA
3AI8,author_defined_assembly,NULL
3AKN,author_and_software_defined_assembly,PISA
3AQ7,author_and_software_defined_assembly,PISA
3ARW,author_and_software_defined_assembly,PISA
3ASF,author_and_software_defined_assembly,PISA
3AU2,author_and_software_defined_assembly,PISA
3AWH,author_and_software_defined_assembly,PISA
3B1X,author_and_software_defined_assembly,PISA
3B2M,software_defined_assembly,PISA
3B6D,author_and_software_defined_assembly,PISA
3B6Y,software_defined_assembly,PISA
3B78,author_and_software_defined_assembly,PISA
3B8X,author_and_software_defined_assembly,PISA
3BB4,software_defined_assembly,PISA
3BCK,author_and_software_defined_assembly,PISA
3BDZ,author_and_software_defined_assembly,PISA
3BG5,author_and_software_defined_assembly,PISA
3BH4,author_and_software_defined_assembly,PISA
3BIF,author_defined_assembly,NULL
3BK9,author_and_software_defined_assembly,PISA
3BOJ,author_and_software_defined_assembly,PISA
3BP5,author_and_software_defined_assembly,PISA
3BQE,author_and_software_defined_assembly,PISA
3BR5,author_defined_assembly,NULL
3BSQ,author_and_software_defined_assembly,PISA
3BW2,author_and_software_defined_assembly,PISA
3BWR,author_and_software_defined_assembly,PISA
3BXY,author_and_software_defined_assembly,PISA
3BYY,author_and_software_defined_assembly,PISA
3BZR,author_and_software_defined_assembly,PISA
3BZX,author_and_software_defined_assembly,PISA
3C06,author_and_software_defined_assembly,PISA
3C0Q,author_defined_assembly,NULL
3C7Q,author_and_software_defined_assembly,PISA
3CBW,author_and_software_defined_assembly,PISA
3CFO,author_and_software_defined_assembly,PISA
3CIP,author_and_software_defined_assembly,PISA
3CL2,author_and_software_defined_assembly,PISA
3CLS,author_and_software_defined_assembly,PISA
3CN6,author_and_software_defined_assembly,PISA
3COI,author_and_software_defined_assembly,PISA
3CS6,author_and_software_defined_assembly,PISA
3CSL,author_and_software_defined_assembly,PISA
3CXR,author_and_software_defined_assembly,PISA
3CXU,author_defined_assembly,NULL
3CZK,author_and_software_defined_assembly,PISA
3D1M,author_defined_assembly,NULL
3D3B,author_defined_assembly,NULL
3D5S,author_and_software_defined_assembly,PISA
3D5Y,author_defined_assembly,NULL
3D7E,author_and_software_defined_assembly,PISA
3D7K,author_and_software_defined_assembly,PISA
3DA4,author_and_software_defined_assembly,PISA
3DAG,author_and_software_defined_assembly,PISA
3DC0,author_and_software_defined_assembly,PISA
3DHC,author_and_software_defined_assembly,PISA
3DLR,author_and_software_defined_assembly,PISA
3DNU,author_and_software_defined_assembly,PISA
3DR4,author_and_software_defined_assembly,PISA
3DWN,author_and_software_defined_assembly,PISA
3DXD,software_defined_assembly,PISA
3DYM,author_and_software_defined_assembly,PISA
3E8G,author_and_software_defined_assembly,PISA
3E9O,author_and_software_defined_assembly,PISA
3ECO,author_and_software_defined_assembly,PISA
3EGV,author_and_software_defined_assembly,PISA
3EJ3,author_and_software_defined_assembly,PISA
3EJW,software_defined_assembly,PISA
3ETY,author_and_software_defined_assembly,PISA
3EXV,author_and_software_defined_assembly,PISA
3F4S,author_and_software_defined_assembly,PISA
3F5S,author_and_software_defined_assembly,PISA
3F64,author_and_software_defined_assembly,PISA
3F6D,author_and_software_defined_assembly,PISA
3FD7,author_defined_assembly,NULL
3FG4,author_defined_assembly,NULL
3FGU,author_and_software_defined_assembly,PISA
3FI0,author_and_software_defined_assembly,PISA
3FJJ,author_and_software_defined_assembly,PISA
3FKG,author_and_software_defined_assembly,PISA
3FQA,author_and_software_defined_assembly,PISA
3FW8,author_and_software_defined_assembly,PISA
3FWN,author_and_software_defined_assembly,PISA
3FZI,author_and_software_defined_assembly,PISA
3G50,author_and_software_defined_assembly,PISA
3GAH,author_and_software_defined_assembly,PISA
3GAY,author_and_software_defined_assembly,PISA
3GDM,author_and_software_defined_assembly,PISA
3GEZ,author_and_software_defined_assembly,PISA
3GFD,author_and_software_defined_assembly,PISA
3GI1,author_and_software_defined_assembly,PISA
3GK1,author_and_software_defined_assembly,PISA
3GKF,author_and_software_defined_assembly,PISA
3GKN,author_defined_assembly,NULL
3GNP,author_and_software_defined_assembly,PISA
3GOQ,author_and_software_defined_assembly,PISA
3GX9,author_and_software_defined_assembly,PISA
3GZH,author_and_software_defined_assembly,PISA
3H07,author_and_software_defined_assembly,PISA
3H0O,author_and_software_defined_assembly,PISA
3H1G,author_and_software_defined_assembly,PISA
3H2H,author_and_software_defined_assembly,PISA
3H6D,author_defined_assembly,NULL
3H7X,author_and_software_defined_assembly,PISA
3H86,author_and_software_defined_assembly,PISA
3H8N,author_and_software_defined_assembly,PISA
3HG3,author_defined_assembly,NULL
3HKX,author_and_software_defined_assembly,PISA
3HLB,author_defined_assembly,NULL
3HLX,author_and_software_defined_assembly,PISA
3HQ7,author_and_software_defined_assembly,PISA
3HU1,software_defined_assembly,PISA
3HVS,author_and_software_defined_assembly,PISA
3I31,author_and_software_defined_assembly,PISA
3I4L,author_and_software_defined_assembly,PISA
3I5J,author_and_software_defined_assembly,PISA
3I9K,author_and_software_defined_assembly,PISA
3IAV,author_and_software_defined_assembly,PISA
3IEL,author_defined_assembly,NULL
3IF9,author_and_software_defined_assembly,PISA
3IFJ,author_defined_assembly,NULL
3IFW,author_and_software_defined_assembly,PISA
3IHO,software_defined_assembly,PISA
3IM7,author_and_software_defined_assembly,PISA
3INA,author_and_software_defined_assembly,PISA
3IO8,author_and_software_defined_assembly,PISA
3IT3,author_and_software_defined_assembly,PISA
3IUJ,author_and_software_defined_assembly,PISA
3IW4,author_and_software_defined_assembly,PISA
3IXL,author_and_software_defined_assembly,PISA
3JTD,author_and_software_defined_assembly,PISA
3JTR,author_and_software_defined_assembly,PISA
3JV0,author_and_software_defined_assembly,PISA
3JW5,author_and_software_defined_assembly,PISA
3JXS,author_and_software_defined_assembly,PISA
3K1M,author_defined_assembly,NULL
3K21,software_defined_assembly,PISA
3K37,author_and_software_defined_assembly,PISA
3K8V,author_defined_assembly,NULL
3KDO,author_and_software_defined_assembly,PISA
3KFH,author_and_software_defined_assembly,PISA
3KJ0,author_and_software_defined_assembly,PISA
3KSD,author_and_software_defined_assembly,PISA
3KUV,author_and_software_defined_assembly,PISA
3KW8,author_and_software_defined_assembly,PISA
3KZ1,author_defined_assembly,NULL
3L00,author_and_software_defined_assembly,PISA
3L04,author_and_software_defined_assembly,PISA
3L2Z,author_and_software_defined_assembly,PISA
3L67,author_and_software_defined_assembly,PISA
3LAW,author_and_software_defined_assembly,PISA
3LC9,author_and_software_defined_assembly,PISA
3LCI,author_and_software_defined_assembly,PISA
3LHA,author_and_software_defined_assembly,PISA
3LHB,author_defined_assembly,NULL
3LI3,author_and_software_defined_assembly,PISA
3LJP,author_and_software_defined_assembly,PISA
3LMK,author_defined_assembly,NULL
3LPD,author_and_software_defined_assembly,PISA
3LQS,author_and_software_defined_assembly,PISA
3LXH,author_and_software_defined_assembly,PISA
3LXP,author_and_software_defined_assembly,PISA
3LY9,author_and_software_defined_assembly,PISA
3M0O,author_and_software_defined_assembly,PISA
3M0T,author_and_software_defined_assembly,PISA
3M0Y,author_and_software_defined_assembly,PISA
3M6D,author_and_software_defined_assembly,PISA
3M7C,author_and_software_defined_assembly,PISA
3M7S,author_and_software_defined_assembly,PISA
3MEQ,author_and_software_defined_assembly,PISA
3MIT,author_and_software_defined_assembly,PISA
3MJV,author_and_software_defined_assembly,PISA
3MMW,author_defined_assembly,NULL
3MV6,author_and_software_defined_assembly,PISA
3MW3,author_defined_assembly,NULL
3MWQ,author_and_software_defined_assembly,PISA
3MZG,author_and_software_defined_assembly,PISA
3N13,author_and_software_defined_assembly,PISA
3N1H,author_and_software_defined_assembly,PISA
3N4J,author_and_software_defined_assembly,PISA
3N7K,author_and_software_defined_assembly,PISA
3NKV,author_and_software_defined_assembly,PISA
3NKY,author_and_software_defined_assembly,PISA
3NN1,author_and_software_defined_assembly,PISA
3NNT,author_and_software_defined_assembly,PISA
3NOQ,author_and_software_defined_assembly,PISA
3NSK,author_and_software_defined_assembly,PISA
3NSY,author_and_software_defined_assembly,PISA
3NTA,author_and_software_defined_assembly,PISA
3NXO,author_and_software_defined_assembly,PISA
3NZ9,author_and_software_defined_assembly,PISA
3NZK,author_and_software_defined_assembly,PISA
3O0A,author_and_software_defined_assembly,PISA
3O2J,author_and_software_defined_assembly,PISA
3O2Y,author_and_software_defined_assembly,PISA
3O31,author_and_software_defined_assembly,PISA
3O5J,author_and_software_defined_assembly,PISA
3O8Y,author_and_software_defined_assembly,PISA
3O91,author_and_software_defined_assembly,PISA
3OCZ,author_and_software_defined_assembly,PISA
3ODR,author_and_software_defined_assembly,PISA
3OI9,author_and_software_defined_assembly,PISA
3OLN,author_and_software_defined_assembly,PISA
3OM3,author_and_software_defined_assembly,PISA
3OM6,author_and_software_defined_assembly,PISA
3OO8,author_and_software_defined_assembly,PISA
3OP4,author_and_software_defined_assembly,PISA
3OPV,author_and_software_defined_assembly,PISA
3ORK,author_and_software_defined_assembly,PISA
3OSD,author_and_software_defined_assembly,PISA
3OV4,author_and_software_defined_assembly,PISA
3OXO,author_and_software_defined_assembly,PISA
3P2C,author_and_software_defined_assembly,PISA
3P2N,author_and_software_defined_assembly,PISA
3P4I,author_and_software_defined_assembly,PISA
3P67,author_and_software_defined_assembly,PISA
3PF3,author_and_software_defined_assembly,PISA
3PFZ,author_and_software_defined_assembly,PISA
3PJC,author_and_software_defined_assembly,PISA
3PN6,author_defined_assembly,NULL
3PNH,author_and_software_defined_assembly,PISA
3PNK,author_and_software_defined_assembly,PISA
3PPC,author_and_software_defined_assembly,PISA
3PPV,author_and_software_defined_assembly,PISA
3PVA,author_and_software_defined_assembly,"PISA,PQS"
3PYP,author_defined_assembly,NULL
3Q12,author_and_software_defined_assembly,PISA
3Q8E,author_and_software_defined_assembly,PISA
3Q8N,author_and_software_defined_assembly,PISA
3QCM,author_and_software_defined_assembly,PISA
3QGT,author_and_software_defined_assembly,PISA
3QGZ,author_and_software_defined_assembly,PISA
3QHN,author_and_software_defined_assembly,PISA
3QI2,author_and_software_defined_assembly,PISA
3QMX,author_and_software_defined_assembly,PISA
3QN9,author_and_software_defined_assembly,PISA
3QNI,author_and_software_defined_assembly,PISA
3QNS,author_and_software_defined_assembly,PISA
3QRW,author_and_software_defined_assembly,PISA
3QW2,author_and_software_defined_assembly,PISA
3QYT,author_and_software_defined_assembly,PISA
3QZ5,author_and_software_defined_assembly,PISA
3QZL,author_and_software_defined_assembly,PISA
3QZU,author_and_software_defined_assembly,PISA
3R3A,author_and_software_defined_assembly,PISA
3R3X,author_and_software_defined_assembly,PISA
3R5Q,author_and_software_defined_assembly,PISA
3R65,author_and_software_defined_assembly,PISA
3R7C,author_and_software_defined_assembly,PISA
3R9S,author_and_software_defined_assembly,PISA
3RC7,author_and_software_defined_assembly,PISA
3RCY,author_and_software_defined_assembly,PISA
3REE,author_and_software_defined_assembly,PISA
3RGM,author_and_software_defined_assembly,PISA
3RHO,author_and_software_defined_assembly,PISA
3RHY,author_and_software_defined_assembly,PISA
3RI8,author_and_software_defined_assembly,PISA
3RIS,author_defined_assembly,NULL
3RIZ,author_and_software_defined_assembly,PISA
3RJ5,author_and_software_defined_assembly,PISA
3RL5,author_and_software_defined_assembly,PISA
3RLE,author_and_software_defined_assembly,PISA
3RMX,author_and_software_defined_assembly,PISA
3RN4,author_and_software_defined_assembly,PISA
3ROR,author_and_software_defined_assembly,PISA
3RPQ,author_and_software_defined_assembly,PISA
3RSM,author_and_software_defined_assembly,PISA
3RT1,author_and_software_defined_assembly,PISA
3RUJ,author_and_software_defined_assembly,PISA
3RVW,author_defined_assembly,NULL
3RVZ,author_and_software_defined_assembly,PISA
3S1F,author_and_software_defined_assembly,PISA
3S4B,author_and_software_defined_assembly,PISA
3S8F,author_and_software_defined_assembly,PISA
3SCP,author_and_software_defined_assembly,PISA
3SFM,author_and_software_defined_assembly,PISA
3SHX,author_and_software_defined_assembly,PISA
3SJZ,author_and_software_defined_assembly,PISA
3SLB,author_and_software_defined_assembly,PISA
3SLT,author_and_software_defined_assembly,PISA
3SMS,software_defined_assembly,PISA
3SPG,author_and_software_defined_assembly,PISA
3SQ8,author_defined_assembly,NULL
3SSZ,software_defined_assembly,PISA
3STY,author_and_software_defined_assembly,PISA
3T1G,author_defined_assembly,NULL
3T6Q,author_defined_assembly,NULL
3T9P,author_and_software_defined_assembly,PISA
3TDP,author_and_software_defined_assembly,PISA
3TGW,author_and_software_defined_assembly,PISA
3TK1,author_and_software_defined_assembly,PISA
3TM1,author_defined_assembly,NULL
3TM3,author_and_software_defined_assembly,PISA
3TOB,author_and_software_defined_assembly,PISA
3TP3,author_and_software_defined_assembly,PISA
3TP4,author_and_software_defined_assembly,PISA
3TUG,author_and_software_defined_assembly,PISA
3TV2,author_and_software_defined_assembly,PISA
3TVV,author_and_software_defined_assembly,PISA
3TVZ,author_and_software_defined_assembly,PISA
3TWZ,author_and_software_defined_assembly,PISA
3U06,author_and_software_defined_assembly,PISA
3U1B,author_and_software_defined_assembly,PISA
3U1O,author_defined_assembly,NULL
3U2W,author_and_software_defined_assembly,PISA
3U4E,author_defined_assembly,NULL
3UAY,author_and_software_defined_assembly,PISA
3UJ9,author_and_software_defined_assembly,PISA
3UJI,author_and_software_defined_assembly,PISA
3UMJ,author_and_software_defined_assembly,PISA
3UNW,author_and_software_defined_assembly,PISA
3UQ9,author_and_software_defined_assembly,PISA
3V0F,author_and_software_defined_assembly,PISA
3V1R,author_defined_assembly,NULL
3V9H,author_and_software_defined_assembly,PISA
3VBP,author_and_software_defined_assembly,PISA
3VDQ,author_and_software_defined_assembly,PISA
3VE5,author_and_software_defined_assembly,PISA
3VEZ,author_defined_assembly,NULL
3VGB,author_defined_assembly,NULL
3VIJ,author_defined_assembly,NULL
3VKK,author_and_software_defined_assembly,PISA
3VKT,author_and_software_defined_assembly,PISA
3VNO,author_and_software_defined_assembly,PISA
3VOD,author_and_software_defined_assembly,PISA
3VP6,author_and_software_defined_assembly,PISA
3VPM,author_and_software_defined_assembly,PISA
3VSR,author_and_software_defined_assembly,PISA
3VWO,author_and_software_defined_assembly,PISA
3VXD,author_defined_assembly,NULL
3VXK,author_and_software_defined_assembly,PISA
3VYO,author_defined_assembly,NULL
3VZ3,author_and_software_defined_assembly,PISA
3W0N,author_and_software_defined_assembly,PISA
3W24,author_and_software_defined_assembly,PISA
3W62,author_and_software_defined_assembly,PISA
3W6F,author_defined_assembly,NULL
3WHN,author_and_software_defined_assembly,PISA
3WIJ,author_and_software_defined_assembly,PISA
3WIV,author_and_software_defined_assembly,PISA
3WJC,author_and_software_defined_assembly,PISA
3WJV,author_and_software_defined_assembly,PISA
3WL7,author_and_software_defined_assembly,PISA
3WLE,author_and_software_defined_assembly,PISA
3WNP,author_defined_assembly,NULL
3WNU,author_and_software_defined_assembly,PISA
3WOU,author_and_software_defined_assembly,PISA
3WQG,author_and_software_defined_assembly,PISA
3WQK,author_and_software_defined_assembly,PISA
3WQW,author_and_software_defined_assembly,PISA
3WTM,author_and_software_defined_assembly,PISA
3WX5,author_and_software_defined_assembly,PISA
3WXP,author_and_software_defined_assembly,PISA
3WXY,author_and_software_defined_assembly,PISA
3WZY,author_and_software_defined_assembly,PISA
3X09,author_and_software_defined_assembly,PISA
3X1W,author_and_software_defined_assembly,PISA
3X22,author_and_software_defined_assembly,PISA
3X2G,author_and_software_defined_assembly,PISA
3ZDO,author_and_software_defined_assembly,PISA
3ZE7,author_and_software_defined_assembly,PISA
3ZEU,author_and_software_defined_assembly,PISA
3ZF2,author_and_software_defined_assembly,PISA
3ZJJ,author_and_software_defined_assembly,PISA
3ZMK,author_and_software_defined_assembly,PISA
3ZNN,author_and_software_defined_assembly,PISA
3ZPE,author_and_software_defined_assembly,PISA
3ZQA,software_defined_assembly,PISA
3ZSE,author_and_software_defined_assembly,PISA
3ZSS,author_and_software_defined_assembly,PISA
3ZVU,author_and_software_defined_assembly,PISA
3ZZT,author_and_software_defined_assembly,PISA
4A0M,author_and_software_defined_assembly,PISA
4A7G,author_and_software_defined_assembly,PISA
4AC3,author_and_software_defined_assembly,PISA
4ADM,author_and_software_defined_assembly,PISA
4AF6,author_and_software_defined_assembly,PISA
4AFR,author_and_software_defined_assembly,PISA
4AHQ,author_and_software_defined_assembly,PISA
4AKL,author_and_software_defined_assembly,PISA
4AKP,author_and_software_defined_assembly,PISA
4ANE,author_and_software_defined_assembly,PISA
4AP3,author_and_software_defined_assembly,PISA
4AQA,author_and_software_defined_assembly,PISA
4ARS,author_and_software_defined_assembly,PISA
4AU0,author_and_software_defined_assembly,PISA
4AWU,author_and_software_defined_assembly,PISA
4B1T,author_and_software_defined_assembly,PISA
4B31,author_and_software_defined_assembly,PISA
4B3X,author_and_software_defined_assembly,PISA
4B4F,author_and_software_defined_assembly,PISA
4B5W,author_and_software_defined_assembly,PISA
4B64,author_and_software_defined_assembly,PISA
4B9E,author_and_software_defined_assembly,PISA
4BHC,software_defined_assembly,PISA
4BHT,author_and_software_defined_assembly,PISA
4BI9,author_and_software_defined_assembly,PISA
4BJZ,author_and_software_defined_assembly,PISA
4BL7,author_and_software_defined_assembly,PISA
4BLS,author_and_software_defined_assembly,PISA
4BMS,author_and_software_defined_assembly,PISA
4BOK,author_and_software_defined_assembly,PISA
4BRJ,author_and_software_defined_assembly,PISA
4C3L,software_defined_assembly,PISA
4C45,author_and_software_defined_assembly,PISA
4C6B,author_and_software_defined_assembly,PISA
4C7G,author_and_software_defined_assembly,PISA
4CA1,author_and_software_defined_assembly,PISA
4CB5,author_and_software_defined_assembly,PISA
4CF4,author_and_software_defined_assembly,PISA
4COK,author_and_software_defined_assembly,PISA
4COO,software_defined_assembly,PISA
4CXK,author_and_software_defined_assembly,PISA
4CY8,author_and_software_defined_assembly,PISA
4CZL,author_and_software_defined_assembly,PISA
4D0U,software_defined_assembly,PISA
4D6D,author_and_software_defined_assembly,PISA
4D9S,author_defined_assembly,NULL
4DB5,author_and_software_defined_assembly,PISA
4DBQ,author_and_software_defined_assembly,PISA
4DF2,author_and_software_defined_assembly,PISA
4DIA,author_and_software_defined_assembly,PISA
4DIL,author_and_software_defined_assembly,PISA
4DLA,author_and_software_defined_assembly,PISA
4DNF,author_and_software_defined_assembly,PISA
4DQ0,author_and_software_defined_assembly,PISA
4DRT,author_and_software_defined_assembly,PISA
4DWW,author_and_software_defined_assembly,PISA
4DXD,author_and_software_defined_assembly,PISA
4DXZ,author_and_software_defined_assembly,PISA
4DYQ,author_and_software_defined_assembly,PISA
4E0B,software_defined_assembly,PISA
4E3R,software_defined_assembly,PISA
4E57,author_and_software_defined_assembly,PISA
4E5P,author_and_software_defined_assembly,PISA
4E6Q,author_and_software_defined_assembly,PISA
4E8F,author_and_software_defined_assembly,PISA
4EAB,author_and_software_defined_assembly,PISA
4EB8,author_and_software_defined_assembly,PISA
4EBN,author_and_software_defined_assembly,PISA
4ECP,software_defined_assembly,PISA
4EF9,author_and_software_defined_assembly,PISA
4EKL,author_and_software_defined_assembly,PISA
4EMU,author_and_software_defined_assembly,PISA
4EOD,author_and_software_defined_assembly,PISA
4EPK,author_and_software_defined_assembly,PISA
4EQ8,author_and_software_defined_assembly,PISA
4EQS,author_and_software_defined_assembly,PISA
4ESE,software_defined_assembly,PISA
4ETL,author_and_software_defined_assembly,PISA
4EUC,author_and_software_defined_assembly,PISA
4EUI,author_and_software_defined_assembly,PISA
4EUV,author_and_software_defined_assembly,PISA
4EV4,author_and_software_defined_assembly,PISA
4EX4,author_and_software_defined_assembly,PISA
4F0G,software_defined_assembly,PISA
4F0K,author_and_software_defined_assembly,PISA
4F0W,author_and_software_defined_assembly,PISA
4F13,author_and_software_defined_assembly,PISA
4F69,author_and_software_defined_assembly,PISA
4F7V,author_and_software_defined_assembly,PISA
4F80,author_and_software_defined_assembly,PISA
4F8J,software_defined_assembly,PISA
4F9G,author_and_software_defined_assembly,PISA
4FA0,author_and_software_defined_assembly,PISA
4FAH,author_and_software_defined_assembly,PISA
4FDT,author_and_software_defined_assembly,PISA
4FFF,author_and_software_defined_assembly,PISA
4FHC,author_and_software_defined_assembly,PISA
4FNS,author_and_software_defined_assembly,PISA
4FP5,author_and_software_defined_assembly,PISA
4FR5,author_defined_assembly,NULL
4FS8,author_and_software_defined_assembly,PISA
4FUP,author_and_software_defined_assembly,PISA
4FVF,author_and_software_defined_assembly,PISA
4FWG,author_and_software_defined_assembly,PISA
4FWO,author_and_software_defined_assembly,PISA
4G37,author_and_software_defined_assembly,PISA
4G89,author_and_software_defined_assembly,PISA
4G9E,author_and_software_defined_assembly,PISA
4GA2,author_and_software_defined_assembly,PISA
4GAC,author_and_software_defined_assembly,PISA
4GDP,author_and_software_defined_assembly,PISA
4GE3,author_and_software_defined_assembly,PISA
4GEI,author_and_software_defined_assembly,PISA
4GHC,author_and_software_defined_assembly,PISA
4GHM,author_and_software_defined_assembly,PISA
4GIG,author_and_software_defined_assembly,PISA
4GK1,author_and_software_defined_assembly,PISA
4GNM,author_and_software_defined_assembly,PISA
4GOG,author_and_software_defined_assembly,PISA
4GOV,author_defined_assembly,NULL
4GP7,author_and_software_defined_assembly,PISA
4GPC,author_and_software_defined_assembly,PISA
4GUV,author_and_software_defined_assembly,PISA
4H0K,author_and_software_defined_assembly,PISA
4H0Y,author_defined_assembly,NULL
4H1S,author_and_software_defined_assembly,PISA
4H5N,author_defined_assembly,NULL
4H6D,author_and_software_defined_assembly,PISA
4H7K,author_and_software_defined_assembly,PISA
4H86,author_and_software_defined_assembly,PISA
4HGA,author_and_software_defined_assembly,PISA
4HGR,author_and_software_defined_assembly,PISA
4HJ3,author_defined_assembly,NULL
4HK7,author_and_software_defined_assembly,PISA
4HK8,author_and_software_defined_assembly,PISA
4HWF,author_defined_assembly,NULL
4HZO,author_and_software_defined_assembly,PISA
4I3C,author_and_software_defined_assembly,PISA
4I3E,author_and_software_defined_assembly,PISA
4I3N,author_and_software_defined_assembly,PISA
4I44,author_and_software_defined_assembly,PISA
4I4I,author_and_software_defined_assembly,PISA
4I4Y,author_defined_assembly,NULL
4I6U,author_and_software_defined_assembly,PISA
4I95,author_and_software_defined_assembly,PISA
4ICY,author_and_software_defined_assembly,PISA
4IF8,author_and_software_defined_assembly,PISA
4IIY,author_and_software_defined_assembly,PISA
4IKH,author_and_software_defined_assembly,PISA
4IL9,author_and_software_defined_assembly,PISA
4IMC,author_and_software_defined_assembly,PISA
4INZ,author_and_software_defined_assembly,PISA
4IP1,author_and_software_defined_assembly,PISA
4IPD,author_and_software_defined_assembly,PISA
4IPI,author_and_software_defined_assembly,PISA
4IQP,author_and_software_defined_assembly,PISA
4IVO,author_defined_assembly,NULL
4IXT,author_and_software_defined_assembly,PISA
4IYJ,author_and_software_defined_assembly,PISA
4IYT,author_and_software_defined_assembly,PISA
4J0G,author_defined_assembly,NULL
4J3B,author_and_software_defined_assembly,PISA
4J42,author_and_software_defined_assembly,PISA
4J5M,author_and_software_defined_assembly,PISA
4J6G,software_defined_assembly,PISA
4J94,author_and_software_defined_assembly,PISA
4JA8,author_and_software_defined_assembly,PISA
4JBY,author_and_software_defined_assembly,PISA
4JHL,author_and_software_defined_assembly,PISA
4JJT,author_and_software_defined_assembly,PISA
4JKB,author_and_software_defined_assembly,PISA
4JKQ,author_and_software_defined_assembly,PISA
4JLI,author_and_software_defined_assembly,PISA
4JLZ,author_and_software_defined_assembly,PISA
4JPS,author_and_software_defined_assembly,PISA
4JRU,author_and_software_defined_assembly,PISA
4JWS,author_defined_assembly,NULL
4JY9,author_and_software_defined_assembly,PISA
4K0W,author_and_software_defined_assembly,PISA
4K1I,author_and_software_defined_assembly,PISA
4K2A,author_and_software_defined_assembly,PISA
4K6E,author_and_software_defined_assembly,PISA
4KAS,author_and_software_defined_assembly,PISA
4KB4,author_and_software_defined_assembly,PISA
4KED,author_and_software_defined_assembly,PISA
4KEU,author_and_software_defined_assembly,PISA
4KM6,author_and_software_defined_assembly,PISA
4KO4,author_and_software_defined_assembly,PISA
4KPD,author_and_software_defined_assembly,PISA
4KQ6,author_and_software_defined_assembly,PISA
4KQE,author_and_software_defined_assembly,PISA
4KQI,author_and_software_defined_assembly,PISA
4KWJ,author_and_software_defined_assembly,PISA
4KWV,author_and_software_defined_assembly,PISA
4KX4,author_and_software_defined_assembly,PISA
4L1Y,author_and_software_defined_assembly,PISA
4L2H,author_and_software_defined_assembly,PISA
4L5A,author_and_software_defined_assembly,PISA
4L5U,author_and_software_defined_assembly,PISA
4L6Q,author_and_software_defined_assembly,PISA
4L7W,author_and_software_defined_assembly,PISA
4L8P,author_and_software_defined_assembly,PISA
4L8V,author_and_software_defined_assembly,PISA
4LBM,author_and_software_defined_assembly,PISA
4LF0,author_and_software_defined_assembly,PISA
4LHR,author_and_software_defined_assembly,PISA
4LJ7,author_and_software_defined_assembly,PISA
4LNY,author_and_software_defined_assembly,PISA
4LP8,author_and_software_defined_assembly,PISA
4LSI,author_and_software_defined_assembly,PISA
4LUL,author_and_software_defined_assembly,PISA
4LUU,author_and_software_defined_assembly,PISA
4LYQ,author_and_software_defined_assembly,PISA
4M35,author_and_software_defined_assembly,PISA
4M44,author_and_software_defined_assembly,PISA
4M4N,author_and_software_defined_assembly,PISA
4M6Y,author_and_software_defined_assembly,PISA
4M82,author_and_software_defined_assembly,PISA
4M8U,author_and_software_defined_assembly,PISA
4MJJ,author_defined_assembly,NULL
4MMG,author_defined_assembly,NULL
4MML,author_and_software_defined_assembly,PISA
4MOG,author_and_software_defined_assembly,PISA
4MXD,author_and_software_defined_assembly,PISA
4MZO,author_and_software_defined_assembly,PISA
4N1G,author_and_software_defined_assembly,PISA
4N2I,author_and_software_defined_assembly,PISA
4N3A,author_and_software_defined_assembly,PISA
4N57,author_and_software_defined_assembly,PISA
4N5L,author_and_software_defined_assembly,PISA
4N9Y,author_and_software_defined_assembly,PISA
4NA1,author_and_software_defined_assembly,PISA
4NDB,author_and_software_defined_assembly,PISA
4NEJ,author_and_software_defined_assembly,PISA
4NET,author_and_software_defined_assembly,PISA
4NNI,author_and_software_defined_assembly,PISA
4NTO,author_and_software_defined_assembly,PISA
4NZ0,author_and_software_defined_assembly,PISA
4O0E,author_and_software_defined_assembly,PISA
4O16,author_and_software_defined_assembly,PISA
4O1N,software_defined_assembly,PISA
4O49,author_defined_assembly,NULL
4O4X,author_and_software_defined_assembly,PISA
4OAZ,author_defined_assembly,NULL
4OD8,author_and_software_defined_assembly,PISA
4OG7,author_and_software_defined_assembly,PISA
4OHD,author_and_software_defined_assembly,PISA
4OIW,author_and_software_defined_assembly,PISA
4OJG,author_and_software_defined_assembly,PISA
4OK4,author_and_software_defined_assembly,PISA
4OMP,author_and_software_defined_assembly,PISA
4ONN,author_and_software_defined_assembly,PISA
4OOE,author_and_software_defined_assembly,PISA
4OPT,author_and_software_defined_assembly,PISA
4OQD,author_and_software_defined_assembly,PISA
4OR6,author_and_software_defined_assembly,PISA
4ORF,author_and_software_defined_assembly,PISA
4ORY,author_and_software_defined_assembly,PISA
4OU5,author_defined_assembly,NULL
4OUM,author_and_software_defined_assembly,PISA
4OZT,author_and_software_defined_assembly,PISA
4P5K,author_and_software_defined_assembly,PISA
4P61,author_and_software_defined_assembly,PISA
4P7Y,author_and_software_defined_assembly,PISA
4PG1,author_defined_assembly,NULL
4PHG,author_and_software_defined_assembly,PISA
4PIP,author_defined_assembly,NULL
4PJK,author_and_software_defined_assembly,PISA
4PLY,author_and_software_defined_assembly,PISA
4PSK,author_and_software_defined_assembly,PISA
4PUE,author_and_software_defined_assembly,PISA
4PVG,author_and_software_defined_assembly,PISA
4PVK,author_and_software_defined_assembly,PISA
4Q0U,author_and_software_defined_assembly,PISA
4Q1I,author_and_software_defined_assembly,PISA
4Q1U,author_and_software_defined_assembly,PISA
4Q4G,author_and_software_defined_assembly,PISA
4Q71,author_and_software_defined_assembly,PISA
4Q7G,author_and_software_defined_assembly,PISA
4Q7I,author_and_software_defined_assembly,PISA
4QB0,author_and_software_defined_assembly,PISA
4QFH,software_defined_assembly,PISA
4QIS,author_and_software_defined_assembly,PISA
4QPY,author_and_software_defined_assembly,PISA
4QRG,author_and_software_defined_assembly,PISA
4R5U,author_and_software_defined_assembly,PISA
4R7G,author_and_software_defined_assembly,PISA
4R8Q,author_and_software_defined_assembly,PISA
4RA8,author_and_software_defined_assembly,PISA
4RAF,author_and_software_defined_assembly,PISA
4RF2,author_and_software_defined_assembly,PISA
4RI7,author_and_software_defined_assembly,PISA
4RM1,author_and_software_defined_assembly,PISA
4ROB,author_and_software_defined_assembly,PISA
4ROW,author_defined_assembly,NULL
4RRH,author_and_software_defined_assembly,PISA
4RT0,author_and_software_defined_assembly,PISA
4RV3,author_and_software_defined_assembly,PISA
4RW3,author_and_software_defined_assembly,PISA
4RYU,author_and_software_defined_assembly,PISA
4RZ4,author_and_software_defined_assembly,PISA
4S00,author_and_software_defined_assembly,PISA
4TLB,author_and_software_defined_assembly,PISA
4TN1,author_and_software_defined_assembly,NULL
4TNU,author_and_software_defined_assembly,PISA
4TO7,author_defined_assembly,NULL
4TOP,software_defined_assembly,PISA
4TSB,author_and_software_defined_assembly,PISA
4TT8,author_defined_assembly,NULL
4U0M,author_and_software_defined_assembly,PISA
4U2F,author_and_software_defined_assembly,PISA
4U6A,author_and_software_defined_assembly,PISA
4U8J,author_and_software_defined_assembly,PISA
4UFB,author_and_software_defined_assembly,PISA
4UON,author_and_software_defined_assembly,PISA
4URN,software_defined_assembly,PISA
4UTO,author_and_software_defined_assembly,PISA
4UYB,software_defined_assembly,PISA
4W7V,author_and_software_defined_assembly,PISA
4W8S,author_and_software_defined_assembly,PISA
4WAJ,author_and_software_defined_assembly,PISA
4WDE,author_defined_assembly,NULL
4WEK,author_defined_assembly,NULL
4WEM,author_and_software_defined_assembly,PISA
4WGJ,author_and_software_defined_assembly,PISA
4WH7,author_and_software_defined_assembly,PISA
4WIG,author_and_software_defined_assembly,PISA
4WNI,author_and_software_defined_assembly,PISA
4WPV,author_and_software_defined_assembly,PISA
4WRE,author_and_software_defined_assembly,PISA
4WSX,software_defined_assembly,PISA
4WV7,author_and_software_defined_assembly,NULL
4X1M,author_and_software_defined_assembly,PISA
4X37,author_defined_assembly,NULL
4X44,author_and_software_defined_assembly,PISA
4X56,author_defined_assembly,NULL
4X8I,author_and_software_defined_assembly,PISA
4X8X,author_defined_assembly,NULL
4XBJ,author_and_software_defined_assembly,PISA
4XBK,author_and_software_defined_assembly,PISA
4XBL,author_and_software_defined_assembly,PISA
4XDR,author_defined_assembly,NULL
4XDV,author_and_software_defined_assembly,PISA
4XFP,author_and_software_defined_assembly,PISA
4XJQ,author_and_software_defined_assembly,PISA
4XMI,author_and_software_defined_assembly,PISA
4XOX,author_and_software_defined_assembly,PISA
4XP1,author_defined_assembly,NULL
4XPW,author_and_software_defined_assembly,PISA
4XQG,software_defined_assembly,PISA
4XRD,author_and_software_defined_assembly,PISA
4XVZ,author_and_software_defined_assembly,PISA
4XWY,software_defined_assembly,PISA
4XXP,author_and_software_defined_assembly,PISA
4XYB,author_and_software_defined_assembly,PISA
4XZ9,software_defined_assembly,PISA
4Y1F,author_defined_assembly,NULL
4Y65,author_and_software_defined_assembly,PISA
4Y6R,author_and_software_defined_assembly,PISA
4Y7E,author_defined_assembly,NULL
4YAW,author_and_software_defined_assembly,PISA
4YEJ,author_and_software_defined_assembly,PISA
4YIV,author_defined_assembly,NULL
4YKH,author_and_software_defined_assembly,PISA
4YQM,author_and_software_defined_assembly,PISA
4YSR,author_and_software_defined_assembly,PISA
4YXT,software_defined_assembly,PISA
4YY9,author_and_software_defined_assembly,PISA
4YYQ,author_and_software_defined_assembly,PISA
4YZ0,author_defined_assembly,NULL
4Z21,author_defined_assembly,NULL
4Z23,author_and_software_defined_assembly,PISA
4ZAN,author_and_software_defined_assembly,PISA
4ZD5,author_and_software_defined_assembly,PISA
4ZDZ,author_and_software_defined_assembly,PISA
4ZGD,author_and_software_defined_assembly,PISA
4ZL5,author_and_software_defined_assembly,PISA
4ZP1,author_and_software_defined_assembly,PISA
4ZPD,author_and_software_defined_assembly,PISA
4ZPT,author_defined_assembly,NULL
4ZRB,author_and_software_defined_assembly,PISA
4ZRE,author_defined_assembly,NULL
4ZY9,author_defined_assembly,NULL
4ZZX,author_and_software_defined_assembly,PISA
5A1N,author_and_software_defined_assembly,PISA
5A58,author_and_software_defined_assembly,PISA
5A64,author_and_software_defined_assembly,PISA
5AAC,author_and_software_defined_assembly,PISA
5AB3,author_and_software_defined_assembly,PISA
5AC5,author_and_software_defined_assembly,PISA
5AE1,software_defined_assembly,PISA
5AEU,author_and_software_defined_assembly,PISA
5AGJ,author_and_software_defined_assembly,PISA
5AHY,author_and_software_defined_assembly,PISA
5AMF,author_and_software_defined_assembly,PISA
5AMN,author_and_software_defined_assembly,PISA
5AMV,author_and_software_defined_assembly,PISA
5APS,author_and_software_defined_assembly,PISA
5B0A,author_and_software_defined_assembly,PISA
5B60,author_and_software_defined_assembly,PISA
5BST,author_and_software_defined_assembly,PISA
5BWF,author_defined_assembly,NULL
5C12,author_and_software_defined_assembly,PISA
5C1Z,author_defined_assembly,NULL
5C6F,author_and_software_defined_assembly,PISA
5C7Y,author_and_software_defined_assembly,PISA
5CA6,author_and_software_defined_assembly,PISA
5CCM,author_and_software_defined_assembly,PISA
5CCO,author_and_software_defined_assembly,PISA
5CGX,author_and_software_defined_assembly,PISA
5CH3,author_defined_assembly,NULL
5CI0,author_and_software_defined_assembly,PISA
5CMB,author_and_software_defined_assembly,PISA
5CMS,author_and_software_defined_assembly,PISA
5CR6,author_and_software_defined_assembly,PISA
5CTJ,author_and_software_defined_assembly,PISA
5CVJ,author_and_software_defined_assembly,PISA
5CXG,author_and_software_defined_assembly,PISA
5CXR,author_defined_assembly,NULL
5CYF,author_and_software_defined_assembly,PISA
5D1H,author_defined_assembly,NULL
5D1M,author_and_software_defined_assembly,PISA
5D2R,author_and_software_defined_assembly,PISA
5D3U,author_defined_assembly,NULL
5D6V,author_and_software_defined_assembly,PISA
5D86,author_and_software_defined_assembly,PISA
5DNC,author_defined_assembly,NULL
5DSF,author_and_software_defined_assembly,PISA
5DTW,author_and_software_defined_assembly,PISA
5DY7,software_defined_assembly,PISA
5DYJ,author_defined_assembly,NULL
5EA4,author_and_software_defined_assembly,PISA
5EAS,author_defined_assembly,NULL
5EBA,author_and_software_defined_assembly,PISA
5ED0,author_defined_assembly,NULL
5EGK,author_and_software_defined_assembly,PISA
5EJM,author_and_software_defined_assembly,PISA
5EUD,author_and_software_defined_assembly,PISA
5EX6,author_defined_assembly,NULL
5EY9,author_defined_assembly,NULL
5F9M,author_and_software_defined_assembly,PISA
5FAV,author_and_software_defined_assembly,PISA
5FDN,author_defined_assembly,NULL
5FJI,author_and_software_defined_assembly,PQS
5FKT,software_defined_assembly,PISA
5FNZ,author_and_software_defined_assembly,PISA
5FTB,author_and_software_defined_assembly,PISA
5FU3,author_and_software_defined_assembly,PISA
5FZH,author_and_software_defined_assembly,PISA
5G13,software_defined_assembly,PISA
5GKC,author_and_software_defined_assembly,PISA
5GW6,author_and_software_defined_assembly,PISA
5GY7,author_and_software_defined_assembly,PISA
5GZE,author_defined_assembly,NULL
5H12,author_defined_assembly,NULL
5H8Z,author_and_software_defined_assembly,PISA
5H99,author_defined_assembly,NULL
5HAN,author_defined_assembly,NULL
5HBN,author_and_software_defined_assembly,PISA
5HC4,author_defined_assembly,NULL
5HFO,author_and_software_defined_assembly,PISA
5HN0,author_defined_assembly,NULL
5HQB,author_defined_assembly,NULL
5HTS,author_defined_assembly,NULL
5HTY,author_and_software_defined_assembly,PISA
5HWU,software_defined_assembly,PISA
5HX5,author_and_software_defined_assembly,PISA
5I0Y,author_and_software_defined_assembly,PISA
5I2L,author_defined_assembly,NULL
5I48,author_and_software_defined_assembly,PISA
5I5I,software_defined_assembly,PISA
5I5Y,author_and_software_defined_assembly,PISA
5I79,author_defined_assembly,NULL
5IJQ,software_defined_assembly,PISA
5IME,author_and_software_defined_assembly,PISA
5IPY,author_and_software_defined_assembly,PISA
5IQI,author_and_software_defined_assembly,PISA
5IT0,author_and_software_defined_assembly,PISA
5IT1,author_and_software_defined_assembly,PISA
5IXL,author_and_software_defined_assembly,PISA
5J3X,author_defined_assembly,NULL
5JCK,author_and_software_defined_assembly,PISA
5JG4,author_and_software_defined_assembly,PISA
5JIL,author_and_software_defined_assembly,PISA
5K3V,author_defined_assembly,NULL
5KBM,author_and_software_defined_assembly,PISA
5KGH,author_and_software_defined_assembly,PISA
5KJD,author_and_software_defined_assembly,PISA
5KJL,author_defined_assembly,NULL
5KLN,author_and_software_defined_assembly,PISA
5KWS,author_and_software_defined_assembly,PISA
5THX,author_and_software_defined_assembly,PISA
5TPG,author_and_software_defined_assembly,PISA
7ODC,author_and_software_defined_assembly,"PISA,PQS"
7PRN,author_and_software_defined_assembly,"PISA,PQS"
7REQ,author_and_software_defined_assembly,PISA
